"name","phone","email"
"3P VALLEY TOURS","+975 17731135","tmzbuilders2@gmail.com"
"4 Seasons Adventure- Bhutan","+975 17750880","info.4seasonsadventure@gmail.com"
"7Continents Adventures","+975 17834247","7continentsadventures@gmail.com"
"8 Hu TanNess","+975 17344490","888hutanness@gmail.com"
"A Bhutan 888 Tours & Treks","+975 17619068","xcennor@gmail.com"
"A Link To Bhutan","+975 17118583","linkbhutan@gmail.com"
"A Treasure Door to Bhutan","+975 17111330","info@travelwithtreasuredoor.com.bt"
"A Way to Bhutan Tours and Travels","+975 17740117","info@waytobhutan.com"
"A3 Travel Services","+975 17671821","aaatravelagent2024@gmail.com"
"Aaron Ace Bhutan Tours and Treks","+975 77777188","aaronacebhutan@gmail.com"
"Aarya Village Travel","+975 77622411","aaryatravelbhutan@gmail.com"
"AB Travel","+975 17117304","pwangchu@gmail.com"
"Abide Bhutan Adventure","+975 17725900","abidebtn@gmail.com"
"Access Bhutan Tours & Treks","+975 17110720","accessbhutan@gmail.com"
"Accomplish Bhutan","+975 17714477","accomplishbhutan@gmail.com"
"Ace Happiness Travel","+975 16113890","info@acehappiness.bt"
"achivow travels","+975 77455740","achivow@gmail.com"
"Across Bhutan","+975 17119644","acrossbhutan@gmail.com"
"Active Bhutan Tours and Treks","+975 77700017","activebhutantours@gmail.com"
"AD Tours & Travel","+975 17351324","adbhutantours@gmail.com"
"ADC Bhutan Tours","+975 17633904","adcbhutantours@gmail.com"
"ADV TOURS AND TREKS","+975 77726478","advtourstreks@gmail.com"
"Adventure Planet Travels","+975 17685640","adventureplanetravels@gmail.com"
"Adventure Tours","+975 17638481","bhutanadventuretours@gmail.com"
"Adventures in Bhutan","+975 77290123","adventuresinbhutan@gmail.com"
"adzom himalayan tours and treks","+975 17346600","adzomhimalayan@gmail.com"
"Aeko Tours and Treks","+975 77335599","aekotoours@gmail.com"
"Affinity Bhutan Travel","+975 17737858","info@visit2bhutan.com"
"Aha Bhutan Expeditions","+975 17891191","ahabhutan@gmail.com"
"ALAYA @Traveling","+975 77219265","booking@travelingbhutan.com"
"alem travel","+975 77376930","alembhutantravel@gmail.com"
"All Access Bhutan","+975 17349263","emailbhutan@gmail.com"
"All Bhutan Connection","+975 17110866","tshering.dhendup@abc.com.bt"
"All Inclusive Bhutan Tours","+975 17118009","allinclusivebhutantours@gmail.com"
"All Nations Adventures","+975 17551221","allnationsadventuresbtn@gmail.com"
"All Phenomena Adventure","+975 17578743","allphenomena888@gmail.com"
"Alliance International Tours and Travels","+975 17851701","aitt226@gmail.com"
"ALLURING BHUTAN TRAVELS","+975 17278313","alluringbhutantravels@gmail.com"
"Alpine Tours and Travels","+975 17125242","adm@alpinetoursandtravels.com"
"Always Bhutan Travel","+975 17771152","alwaysbhutan@gmail.com"
"Amala Travel in Bhutan","+975 17381338","phubdorji881@gmail.com"
"Amaloka Adventure","+975 17450449","rinzinlhamo51@gmail.com"
"Amantra Dragon","+975 17606663","amantradragon@gmail.com"
"Ambassador Holidays Planner","+975 17891750","bhutanambassadorholidays@gmail.com"
"Ambo tours & travel","+975 77222252","ambotravels@gmail.com"
"Ambrosia Bhutan Travels","+975 17607304","bhutanambrosia@gmail.com"
"Amedewa Tours And Trek","+975 17306726","travelamedewa@gmail.com"
"AMEN BHUTAN TOURS & TREKS PVT LTD","+975 17556635","ranjit@amenbhutan.com"
"Amiable Travels Bhutan","+975 17681330","amiablebhutantravels@gmail.com"
"Amitabha Travels","+975 77326142","lobzangdorjibhutan777@gmail.com"
"Anywhere Bhutan Travel","+975 17459196","anywherebhutantravel@gmail.com"
"Apala Travels & Adventures","+975 17575888","apalatravels289@gmail.com"
"Apax Travels","+975 77875844","apaxtravels@gmail.com"
"Ara Tours and Treks","+975 17113310","aratoursandtreks@gmail.bt"
"Aravia Peaks","+975 17565604","bhutanaraviapeak@gmail.com"
"Areo Tours","+975 77447655","areotours@gmail.com"
"Arise Tours & Travels","+975 77319405","arisebhutan@gmail.com"
"Artha Bhutan Tours and Trek","+975 17601731","arthabhutan@gmail.com"
"As Bhutan Travels","+975 17664864","asbhutan@gmail.com"
"Asia Bhutan Travels","+975 17110511","asiabhutan@gmail.com"
"Asia Odyssey Travel","+975 77112888","service@asiaodysseytravel.com"
"Asia Valleys Tours & Travels","+975 17171610","asiavalleystravels@gmail.com"
"Asian Tours & Travel","+975 17264802","asiantourstravel057@gmail.com"
"Associates Bhutan Adventure","+975 17631187","sangayaba@gmail.com"
"ASTER TOURS & TRAVEL","+975 17368873","info@astertours.com"
"Astra Tours & Trek","+975 17112436","info@astrabhutan.com"
"Atmosphere Bhutan","+975 17312518","atmospherebhutan@gmail.com"
"atsara tours","+975 77767393","info@atsaratours.com"
"Authentic Bhutan Tours","+975 17343434","info@authenticbhutantours.com"
"Azumi adventure","+975 17917330","drakpad56@gmail.com"
"B' Expeditions","+975 17126358","contact@bhutanexpeditions.com"
"B Global Group Travels","+975 17523155","bhutanglobalgroup@gmail.com"
"Back to Bhutan","+975 17866990","btbtravels@gmail.com"
"Backcountry Bhutan Tours and Treks","+975 77250171","backcountrybhutan@gmail.com"
"Basnet Adventures","+975 77333220","info@wonderbhutan.com"
"Basudara Tours and Treks","+975 17333443","info@basudaratravels.com"
"Behind The Scenes","+975 77623821","sonamloday1983@gmail.com"
"Believe with Happiness Tours","+975 77335125","believehappinesstours@gmail.com"
"BELLA BHUTAN VISTA TOURS","+975 17640515","bellabhutanvista@gmail.com"
"Bespoke Bhutan Tours","+975 17626360","bespokebhutantours@gmail.com"
"Best of Tours","+975 17563726","info@bestofbhutan.com"
"beyondwellnesstoursandtreks","+975 77981669","beyondwellnesstourstreks@gmail.com"
"Bhutan 4 Friends Tours & Travles","+975 77950505","bhutan4friends@gmail.com"
"Bhutan Acorn Tours & Travel","+975 77655137","info@bhutanacorn.com"
"Bhutan All Travels","+975 17600820","bhutanalltravels2013@gmail.com"
"Bhutan Ancestors Home Travel","+975 77649997","ancestorstravel@gmail.com"
"Bhutan Archive Tours and Travels","+975 17622995","bhutanarchive2017@gmail.com"
"Bhutan Aries Tours and Treks","+975 17473694","bhutanaries@gmail.com"
"Bhutan Best Inbound Tour","+975 17334422","info@bhutaninbound.com"
"Bhutan Best Travel","+975 17161938","info@bhutanbesttravel.com"
"Bhutan Birding and Heritage Travels","+975 77110133","hisheytshering@gmail.com"
"Bhutan Blue Pearl Travel","+975 77452323","sonam666sonam@gmail.com"
"Bhutan Blue Sheep Tours & Travels","+975 17609980","bhutanbluesheeptours@gmail.com"
"Bhutan Bon Voyage Tours and Treks","+975 17594778","bhutanbonvoyage@gmail.com"
"Bhutan Buddha Travellers","+975 17813175","bhutanbuddhatravellers@gmail.com"
"Bhutan By Experts","+975 77418869","bhutanbyexperts@gmail.com"
"Bhutan Charu Tours & Treks","+975 17607778","bhutancharu@gmail.com"
"Bhutan Classic Adventure bike Tours","+975 17601917","bhutanclassicadventurebiketour@gmail.com"
"Bhutan Concierge","+975 17777712","info@bhutanconcierge.com"
"Bhutan Creative Tours","+975 17333222","info@bct.com.bt"
"Bhutan Delight Tours & Treks","+975 17656440","bhutandelight@mail.com"
"Bhutan Dendrobium Tour & Trek","+975 17609354","bhutandendrobium@gmail.com"
"Bhutan Dew Drop Traval","+975 17670311","tsheringy2009@gmail.com"
"Bhutan Dhenzang Travel & Tours","+975 17118668","info@bhutantraveltours.com"
"Bhutan DMC","+975 77107844","info@dmcofbhutan.com"
"Bhutan Dorji Holidays","+975 17124567","bhutan3000@gmail.com"
"Bhutan Druk Adventure","+975 17592231","info@bhutandrukadventure.com"
"Bhutan Dynasty Travel","+975 17111048","bhutandynasty@gmail.com"
"Bhutan Eco Holiday","+975 17640671","bhutanecoholiday@gmail.com"
"Bhutan Eka Tours","+975 17776660","bhutaneka@gmail.com"
"Bhutan Enlightened Tours and Treks","+975 17112747","info@bhutanenlightened.com"
"Bhutan EverAce Travel","+975 17719207","everacetravel@gmail.com"
"Bhutan Everest Tours and Treks","+975 17640420","travelbhutanese@gmail.com"
"Bhutan Exodus Tours","+975 77114164","padro36@gmail.com"
"Bhutan Exotic Adventure Travel","+975 17111106","bhutanexotic@gmail.com"
"Bhutan Expeditions","+975 17110888","tsewangnidup@yahoo.com"
"Bhutan Expert Travels","+975 17119392","bhutanexperttravels@gmail.com"
"Bhutan Extreme Trips","+975 77162424","info@bhutanextremetrips.com"
"Bhutan First Adventure","+975 17673481","bhutanfirstadventure@gmail.com"
"Bhutan Flower Tours and Treks","+975 77737319","bhutanflowertour@gmail.com"
"Bhutan Footprints Travel","+975 17118966","info@tourbhutantravel.com"
"Bhutan Frontline Travels","+975 77203848","bhutanfrontlinetravels@gmail.com"
"Bhutan Gangchen Tours & Travel","+975 77305489","gangchentours123@gmail.com"
"Bhutan Gangyul Tours","+975 17608524","bhutangangyul@gmail.com"
"Bhutan Gateway Travel","+975 17117212","info@bhutangateway.com"
"Bhutan Gayul Tours","+975 17162393","bhutangayul@gmail.com"
"Bhutan GBS Tours and Travel","+975 17856088","bhutangbs@gmail.com"
"Bhutan GNH Heritage Travel","+975 17615474","bhutangnhheritage@gmail.com"
"Bhutan Green Travel (BGT)","+975 17619661","info@bhutangreentravel.com"
"Bhutan High End Tours","+975 77322516","bhutanhighendtours@gmail.com"
"Bhutan Highlight Tours and Trek","+975 17842962","bhutanhighlight@gmail.com"
"Bhutan Himalayan Holidays","+975 17111964","tshewang.penjor@gmail.com"
"Bhutan Holiday Planner","+975 17608328","info@bhutanholidayplanner.com"
"Bhutan Holiday Trips","+975 77223020","bht.bhutan@gmail.com"
"Bhutan Homestay","+975 77404144","schoeden@bhtanhomestay.com"
"Bhutan Hungrel Tours & Treks","+975 17473936","hungrelbhutan@gmail.com"
"Bhutan Impact Travels","+975 77796844","pemyang@bpvbhutan.com"
"Bhutan in Style","+975 17164526","schoden27@gmail.com"
"Bhutan Inner Peace Travels","+975 77386950","bhutaninnerpeace@gmail.com"
"Bhutan Inspiration Adventure","+975 17560146","btninsp@gmail.com"
"Bhutan Introducing Nature and Culture","+975 17830595","bhutaninc@gmail.com"
"Bhutan Jasmine Tours","+975 17115008","choniome@gmail.com"
"Bhutan Jewel Travel","+975 17113772","bhutanjewel@gmail.com"
"Bhutan Jixiang Travel","+975 17413496","info@bhutanjixiangtravel.com"
"Bhutan Journeys","+975 77370717","bhutanjourneys2005@gmail.com"
"Bhutan Karma Trails","+975 77174087","sonam.jamtso@bhutankarmatrails.com"
"Bhutan Kaze Tours & Treks","+975 17110007","bhutankaze@gmail.com"
"Bhutan Kidh-chong Travel","+975 77447000","bhutankidhchong@gmail.com"
"Bhutan Kurukulle Adventures","+975 16112313","kurukulleadv@gmail.com"
"Bhutan Lakhor Tours &Treks","+975 17114445","prayerwheel11@gmail.com"
"Bhutan Land of happiness Tours","+975 17377777","bhutanlhtours@gmail.com"
"Bhutan Leading Travel","+975 77209888","bhutanleadingtravel@gmail.com"
"Bhutan Lhakthong Adventure","+975 17614663","lhakthongtours@gmail.com"
"Bhutan Lhayi Zeydhan Tours and Travels","+975 77755933","blzbhutantours@gmail.com"
"Bhutan Lhayul Tours and Travels","+975 17140911","bhutanlhayul@gmail.com"
"Bhutan Lhomen Adventure","+975 17111339","bhutanlhomen.adventure@gmail.com"
"Bhutan Life Exposure Tours and Trek","+975 77111883","bletours@gmail.com"
"Bhutan Lilly Travels","+975 77107524","bhutanlillytravels@gmail.com"
"Bhutan Maitreya Tusita Travel","+975 77113397","bhutanmaitreya2017@gmail.com"
"Bhutan Majestic Travel","+975 17111095","info@bhutanmajestictravel.com"
"Bhutan Mandala Tours & Treks","+975 17111704","bhutanmandala2023@gmail.com"
"Bhutan Meonyul Tours and Treks","+975 77441105","bhutanmeonyul@gmail.com"
"BHUTAN MIND VACATION TOURS","+975 77636226","mindvacationtoursbhutan@gmail.com"
"Bhutan Mountain Adventures","+975 77111439","bhutanmba2008@gmail.com"
"Bhutan Mountain Holiday","+975 17113661","bmhkarma@gmail.com"
"Bhutan Mystical Tours & Adventures","+975 17756923","bhutanmysticaltours@gmail.com"
"Bhutan Namdruk Adventure","+975 17602566","thinleywangchuk@hotmail.com"
"Bhutan Namzang Happy Tours and Treks","+975 77202999","bhutannamzang2017@gmail.com"
"Bhutan National Travels","+975 17390160","bhtnationaltravels@gmail.com"
"Bhutan Network Link","+975 17748286","bnl@bhutannetworklink.com"
"Bhutan Nima Tours and Travels","+975 77439621","bhutannima51@gmail.com"
"Bhutan Nomad Adventures","+975 17118778","travel@bhutannomad.com"
"Bhutan Nyinzer Expeditions","+975 17111590","bhutannyinzer@gmail.com"
"Bhutan old monk Tours and trek","+975 17625434","bhutanoldmonk@gmail.com"
"Bhutan Olive Tours and Treks","+975 17804239","bhutanolivett@gmail.com"
"Bhutan Omkara Tours And Travels","+975 17307500","bhutanomkaratravels@gmail.com"
"Bhutan Online Booking Travel","+975 17792453","onlinebhutan@gmail.com"
"Bhutan Outdoors Unlimited","+975 17600076","bouadventures@gmail.com"
"Bhutan Peaceful Tours & Treks","+975 17140297","peacefultour7@gmail.com"
"Bhutan Peak Adventure","+975 77712404","peakadventurebhutan@gmail.com"
"Bhutan Pelyab Tours And Treks","+975 17952136","info@bhutanpelyabtours.com"
"Bhutan Personal Tours","+975 17609314","bhutanpersonaltours@gmail.com"
"Bhutan Pine Castle Tours","+975 17687624","bhutanpinecastle@gmail.com"
"Bhutan Precious Destination","+975 17670141","bhutanprecious@gmail.com"
"Bhutan Pristine Tours & Trek","+975 17692283","pristine39@yahoo.com"
"Bhutan Raewa Travels","+975 17643164","bhutanraewatravels@gmail.com"
"Bhutan Red Lion Travels","+975 77209003","bhutanredliontravel@gmail.com"
"Bhutan Rides","+975 77220499","info@bhutanrides.com"
"Bhutan Rila Expeditions","+975 17117611","bhutanrila1@gmail.com"
"bhutan roundabout tours","+975 77726934","bhutanroundabouttours@gmail.com"
"Bhutan Sangay Tours & Trek","+975 17117954","bhutansangay1@gmail.com"
"Bhutan Scenic Tours","+975 17118111","bhutanscenictours@gmail.com"
"Bhutan Seriling  Travels","+975 77467666","serilingtravels@gmail.com"
"Bhutan Signature Tours","+975 17388888","bhutansignaturetours@gmail.com"
"Bhutan Silverpine Tour & Treks","+975 17649720","bsptours.treks@gmail.com"
"Bhutan Sky Trails","+975 17607066","bhutanskytrails@gmail.com"
"Bhutan Soul Tour & Travel","+975 17178888","ldorji@bhutansoul.com"
"Bhutan Swallowtail Travels","+975 17131261","writetome@bhutanswallowtail.com"
"Bhutan Sweet Memories Tours and Treks","+975 77280823","bhutansweetmemories@gmail.com"
"BHUTAN TAKIN TRAILS","+975 17338844","yetimanbt@yahoo.com"
"Bhutan Tara Excursion","+975 17810115","bhutantara2017@gmail.com"
"Bhutan Tashi Pelbar Adventure","+975 17600271","bhutantashipelbar@gmail.com"
"Bhutan Thim Dorji Tours","+975 17755898","thimdorjitours@gmail.com"
"Bhutan Tigris Tours and Treks","+975 17413731","btntigris@gmail.com"
"Bhutan Tourer","+975 17119808","bhutantourer@gmail.com"
"Bhutan Tourism Corporation Ltd","+975 17116313","operation@btclgroup.com"
"Bhutan Tours and Travels","+975 77651980","info@bhutantoursandtravels.com"
"Bhutan Travel Adventures","+975 17117793","info@bhutantraveladventures.com"
"Bhutan Travel Bureau","+975 17114222","tours@btb.com.bt"
"Bhutan Travel Center","+975 17775309","info@bhutantravelcenter.com"
"bhutan travel club","+975 77220498","trips@bhutantravelclub.com"
"Bhutan Travel Coordinator","+975 77712127","btcordinator@gmail.com"
"Bhutan Travel Experts","+975 17170888","hello@bhutantravelexp.com"
"Bhutan Travel Gate","+975 77399640","bhutantravelgate@gmail.com"
"Bhutan Travel Guide","+975 17607545","anansg@gmail.com"
"Bhutan Travel Guru","+975 77615269","info@bhutantravelguru.com"
"Bhutan Travel Now","+975 17719310","info@bhutantravelnow.com"
"Bhutan Travel Service","+975 17110010","info@bhutantravel.com.bt"
"Bhutan Travelers","+975 77888222","info@bhutantravelers.com"
"Bhutan Travelogue - Tours and Treks","+975 17117970","narbhutan@gmail.com"
"BHUTAN Travelplus","+975 17685881","bhutantravelplus@gmail.com"
"Bhutan TravelRouters Tours and Treks","+975 17814514","btravelrouters@gmail.com"
"Bhutan Travels","+975 17762255","bestbhutantravels@gmail.com"
"Bhutan Trekking Services","+975 77773338","trekkingservices@gmail.com"
"Bhutan Tropical Tours and Travel","+975 77200511","bhutantropical@gmail.com"
"Bhutan Tshendhen Travel","+975 17629413","bhutantshendhentouragent@gmail.com"
"Bhutan TUSK Motorcycle Tours","+975 17163646","tuskbhutan@gmail.com"
"Bhutan Twin Travels","+975 17425455","kezangdruk@gmail.com"
"Bhutan Unshakable Tours and Treks","+975 17637286","bhutanunshakable@gmail.com"
"Bhutan Utpala Tours","+975 17647881","bhutanutpalatours@gmail.com"
"Bhutan Vajra Adventures","+975 17497487","bhutanvajra@gmail.com"
"Bhutan Virtual Travel","+975 17638946","bhutanvirtualtravel@gmail.com"
"BHUTAN VISIT","+975 17163190","info@bhutanvisit.com"
"Bhutan Walkers & Leisures","+975 17613203","info@bhutanwalkers.com"
"Bhutan Wanderers Tours and Travels","+975 17654844","bhutanwanderers@gmail.com"
"Bhutan Yarden Tours & Treks","+975 17604549","yardentours@gmail.com"
"Bhutan Zangden Tours and Treks","+975 17127515","bhutanzangdentours@gmail.com"
"Bhutan-Bhutan Travel","+975 17113936","info@bhutan-bhutan.com"
"Bhutanization Service (Travel Agent)","+975 17623770","bhutanizationservice@gmail.com"
"Bhutan-White Mountain Tours","+975 17131430","info@whitemountainholiday.com"
"Bhutmount Travel","+975 17202222","bhutmount@gmail.com"
"Big Bhutan Tours","+975 77889325","bigbhutan@gmail.com"
"Bigfoot Tours and Treks","+975 17171273","bigfoottours24@gmail.com"
"Blessed Bhutan Adventure","+975 17602313","blessedbhutanadv@gmail.com"
"Bliss Bound Bhutan","+975 17625539","travel@blissboundbhutan.com"
"Blissful Odyssey Travel","+975 17920471","blissfulodysseytravel@gmail.com"
"Blue Poppy Tours & Treks","+975 17181818","choki@bluepoppybhutan.com"
"BlueSky travels","+975 17440684","blueskytravels.bt@gmail.com"
"BodhiTrail Journeys","+975 17170444","hello@bodhitrailjourneys.com"
"BOOK BHUTAN TOUR","+975 77707109","info@bookbhutantour.com"
"Book My Tour and Travel","+975 77100394","info@bookmytour.bt"
"Boon Bhutan Tours","+975 17385888","boonbhutantours@gmail.com"
"Boonserm Tours and Travels","+975 17627369","boonserm.tours@gmail.com"
"Born Explorer","+975 17999315","tandinwma@gmail.com"
"Breathe Bhutan Adventures And Holidays","+975 77430698","kuzuzangpo@breathebhutan.com"
"Breathtaking Bhutan Tours and Travels","+975 77112011","info@breathtakingbhutan.com"
"Bridge To Bhutan","+975 77207220","info@bridgetobhutan.com"
"BT Eternal Glory Tours and Treks","+975 17892339","eternalglory.bhutan@gmail.com"
"BTN The Traveller Tourism & Entertainment","+975 17397247","tashi@thetraveler.vn"
"Butterlamp Tours","+975 17607933","butterlamptours@gmail.com"
"Byways Tours and Travels","+975 77973131","bywaysinquiry@gmail.com"
"CAT Bhutan Tours and Treks","+975 17606363","catbhutan@gmail.com"
"Celestial Adventures and Tours","+975 77387587","celestialtours13@gmail.com"
"Chakar Tours and Treks","+975 17170007","chakartours@gmail.com"
"Chang Tours and Travel","+975 17600606","changtoursbhutan@gmail.com"
"Changshe Norbu Tours & Treks","+975 17111503","bht403@yahoo.com"
"Charisma Bhutan Tours & Treks","+975 17694162","charismabhutan@gmail.com"
"Chazan Tours and Travel","+975 17983848","nzangpo2@icloud.com"
"Chen-Ray Travel & Tours","+975 17616597","chenraybhutantravel@gmail.com"
"Chhophel Dream Trips","+975 77141118","chhophel.tours@gmail.com"
"CHHUNDU TRAVEL AND TOURS","+975 17112547","info@chhundu.com.bt"
"Chimi Sherab Tours and Trek","+975 17670609","chimidorjitrektour23@gmail.com"
"Chimorya B. Travels & Tours","+975 17310881","info@cbhutantravels.com"
"Choden Tours and Treks","+975 77836844","yeshichoden4@gmail.com"
"Choe Nga Leisure Travel","+975 17673911","choengaleisuretravel@gmail.com"
"Chosen Bhutan Tours and Treks","+975 17642861","chosenbhutan@gmail.com"
"Classical Himalayas","+975 17838517","info@classicalhimalayas.com"
"Clear Voyage Tours & Treks","+975 17111399","clearvoyagetours@gmail.com"
"Click Bhutan Expedition","+975 17602502","clickbhutanexpedition@gmail.com"
"Crane Valley Tours and Treks","+975 17655972","cranevalley2015@gmail.com"
"CRYSTAL BHUTAN TRAVELS","+975 17141305","crystalbhutantravels@gmail.com"
"CUDIS vacations","+975 77978956","zeusbhutan@gmail.com"
"D and R Tours and Treks","+975 77417543","info@drtoursandtreks.com"
"DAINTY TOURS AND TRAVELS","+975 17897205","daintybhutantravel@gmail.com"
"Daj Expeditions","+975 17597453","dajexpeditions@gmail.com"
"Dana Bhutan","+975 17477766","res.dana.bhutan@gmail.com"
"Dechen Cultural Tours & Trekking Co.","+975 17111488","dechentours@gmail.com"
"deep journeys","+975 17637779","deepjourneys.bhutan@gmail.com"
"Depel Travel","+975 77855728","ceo@depel.bt"
"Design for you, Tours and Travels","+975 17616838","laqzialdorji@gmail.com"
"Destination Himalayan Tours","+975 17140162","sonam@dht.org.in"
"Destiny Bhutan","+975 17119996","info@destinybhutan.com"
"Dewa Rabsel Adventure","+975 17944744","dewarabsel@gmail.com"
"Deya Bhutan Tours and Travel","+975 17589024","info@deyabhutantours.com"
"Dhamma Tours","+975 77390576","dhammatours5@gmail.com"
"Dharma Adventures","+975 17111573","kinleyt@gmail.com"
"Dharma park Travels","+975 77602204","dharmaparktravels@gmail.com"
"Dhendupling Travel","+975 77754768","dhenduplingtravel@gmail.com"
"Dhir gue tashi gha khil tour and travel","+975 17923030","tashitobgay131@gmail.com"
"Diamond Bhutan Travel","+975 77880055","office@diamondbhutan.com"
"Discover Happiness","+975 77228415","discoverhappiness06@gmail.com"
"Discover TBT","+975 17363535","info.transbhutantrail@gmail.com"
"Discovery Bhutan Inc.","+975 17116560","info@discoverbhutan.com"
"Divine Adventurous Travel","+975 77900912","info.datticketing@gmail.com"
"DIVINE FLY FISHING","+975 17113511","tightlines@divineflyfishing.com"
"DND Bhutan","+975 16126622","dndbhutan@gmail.com"
"Doma Travels","+975 17332228","domatravels24@gmail.com"
"Door to Happiness Holiday","+975 17910421","doortohappinessholiday@gmail.com"
"Dragon Trekkers & Tours","+975 17111822","reservationdragon@gmail.com"
"Dragonways","+975 17522781","dragonwaysbhutan@gmail.com"
"Dralwa Journeys","+975 77187788","dralwajourneys@gmail.com"
"Dream trail Adventure","+975 77656116","dreamtrailadventure@gmail.com"
"Dream Travel Organizer","+975 17822872","dreamtravelorg@gmail.com"
"Droelma Tours and Travels","+975 17684815","chhimisyelden@gmail.com"
"Droensar Tours and Trek","+975 17411010","droensar@gmail.com"
"Drugom Tours & Treks","+975 17835546","drugomtoursandtreks@gmail.com"
"Druk & Drukpa Tours","+975 17811251","drukdrukpatours@gmail.com"
"Druk bayuel Tours","+975 77111298","info@greenbhutantours.com"
"Druk Chhoethuen Adventure","+975 77691467","drukchhoethuen@gmail.com"
"Druk Executive Travel","+975 17600169","drukexecutive@gmail.com"
"Druk Forever Son Tours & Treks","+975 17635633","nbidha2022@gmail.com"
"Druk Heritage Tours & Experiences","+975 17140163","info@drukheritage.com"
"Druk Jorpel Adventures","+975 17746783","callbhutan@gmail.com"
"Druk Peaceful Holidays-Bhutan","+975 77452950","info@happybhutan.com"
"Druk Rewa Adventures","+975 17760015","drukrewa@gmail.com"
"Druk Rinchen Bumpa Tours and trek","+975 17600505","rinbum2024@gmail.com"
"Druk Siddhi Tours","+975 17705555","druksiddhitours@gmail.com"
"Druk Smile Tours","+975 17948587","druksmiletours@gmail.com"
"Druk Travel Sevice Private Limited","+975 17111222","info@druktravelservice.com"
"Drukair Holidays","+975 17123169","holidays@drukair.com.bt"
"Drukins Tours And Treks","+975 17900585","drukinstoursandtreks@gmail.com"
"Drukyul Diaries","+975 77953610","info@drukyuldiaries.com"
"Drukyul Holidays","+975 17909870","drukyulholidays@gmail.com"
"DTH Travel Bhutan","+975 77487513","info@bt.dth.travel"
"Dzamling Gawa Tours and Travel","+975 16158307","dzimlinggawa@gmail.com"
"East West Safari","+975 17163623","eastwestsafari@gmail.com"
"East Yang Yoe Tours and Travel","+975 17722921","yangyoetoursandtravels@gmail.com"
"Echoes Tours & Travels","+975 17725689","sumimangpang@gmail.com"
"Elevate Tours & Treks","+975 17812341","enduplepcha2020@gmail.com"
"Elite Himalayan Adventure","+975 77454534","eliteadventure888@gmail.com"
"Ema Datshi Tours","+975 17655152","emadatshitours@gmail.com"
"Embrace Bhutan Travel","+975 17603735","embracebhutan@gmail.com"
"Enrich Expeditions","+975 17764522","enrichexpeditions@gmail.com"
"ER Tours and Treks","+975 17842089","ertoursandtreks@gmail.com"
"Etho Metho Tours & Treks","+975 17126006","karma@ethometho.com.bt"
"eventexpeditiontravel","+975 17310139","eventexpeditionaltravel@gmail.com"
"Evergreen Sojourn","+975 77310720","evergreensojourn@gmail.com"
"Excellent Guides to Himalaya","+975 17563795","ugyenmaxci@gmail.com"
"Excursion To Himalayas","+975 17140505","excursiontohimalayas@gmail.com"
"Exotic Destinations","+975 17600332","exoticdestination98@gmail.com"
"Exotic vacations Bhutan","+975 17685791","exoticvacationsbhutan@gmail.com"
"Experience Bhutan Travel","+975 17619485","visitbhutan23@gmail.com"
"Exquisite Bhutan","+975 17573097","info@exquisitebhutan.com"
"Eye mudra tours","+975 17624373","eyemudra@gmail.com"
"Family Trip Travels","+975 17631305","info@familytriptravels.com"
"Felicity Bhutan Adventures","+975 17462836","felicitybhutan@gmail.com"
"Firefox Tours","+975 77805038","info@firefoxtours.com"
"Flying Beat Tours and Travels","+975 17530798","flyingbeatbhutan@gmail.com"
"Flying Fox Tours & Travels","+975 77627095","flyingfoxbhutan@gmail.com"
"Follow Bhutan Tours and Treks","+975 77442211","followbhutan@gmail.com"
"Found Bhutan Tours and Treks","+975 77927304","foundbhutan@gmail.com"
"gakiling Tours And Travels","+975 17885946","gakilingtoursandtravels@gmail.com"
"gangri tours and travels private limited","+975 17110026","gangritt@gmail.com"
"Gangseng Tours and Travels","+975 77971022","gangsengtoursandtravels@gmail.com"
"Gangtey Palace Expeditions","+975 17111462","chukie.om@gangteypalace.com"
"Gateway to Exotic Himalayas","+975 17627178","officegteh@gmail.com"
"Gawaling Tours and Treks","+975 17646377","gawaling@gmail.com"
"Gay Yul Travel Agent","+975 17908965","gayyultravels@gmail.com"
"GAYA INSPIRATIONAL TOURS","+975 17601779","mani@gaya-bhutan.com"
"Gayuel Destination","+975 77882290","gayueldestination@gmail.com"
"Gems Bhutan Travels","+975 77888899","gem@gemsbhutantravels.com"
"Geo Bhutan Travels","+975 17143354","geobhutantravels@gmail.com"
"Gerab Tours and Treks","+975 16104550","hello@gerabtoursandtreks.bt"
"GET INTO BHUTAN TOURS","+975 17708791","getintobhutan@gmail.com"
"Glimpses of Bhutan","+975 17111939","gotobhutan@gmail.com"
"Global Safari Tours and Trek","+975 17882788","toursandtrekglobalsafari@gmail.com"
"Global Touch Expedition","+975 17944134","info@touchbhutan.com"
"Global TravelPro","+975 77440205","info@globaltravelpro.co"
"Go Go Adventures","+975 17484302","tours.bhutan17@gmail.com"
"GoHike Adventures","+975 17349040","gohikeadventures@gmail.com"
"Gokphela Tours and Travel","+975 17563156","gokphela@gmail.com"
"Golden Dragon Travel","+975 77111727","gdtbhutan@gmail.com"
"Golden fish tours & travel","+975 17163113","travelinfo@goldnfishadventures.com"
"Golden Gate Tour and Treks","+975 17188101","goldengate.bhutan@gmail.com"
"Golden Kingdom Tours and Treks","+975 77380681","goldenkingdomtours@gmail.com"
"Goma Travel","+975 17853430","gomatravel89@gmail.com"
"Gomo Adventures","+975 17111783","info@gomoadventures.com"
"Good Care Tours","+975 17491602","bhutangoodcare@gmail.com"
"Good Morning Bhutan Traveller","+975 17777688","goodmorningbt@gmail.com"
"GOXIMBO","+975 17611821","kinley@goximbo.com"
"Graceful Bhutan Travel","+975 17496914","gracefulbhutantravel@gmail.com"
"Green Escape Travel","+975 17382137","greenescapetravel@gmail.com"
"Green Heart Tours and Travel","+975 17761625","greenheartbhutan@gmail.com"
"Green Zone Destination","+975 17264398","greenzdestination@gmail.com"
"Greentherapy Tours","+975 17607913","greentherapytours@gmail.com"
"Guru Siddhi Tours & Treks","+975 17581675","gurusiddhitours@yahoo.com"
"Gyuma Tours and Travel","+975 17815980","info@gyumatoursandtravel.com"
"H&QBhutan","+975 77607710","hnqbhutan@gmail.com"
"Halcyon Adventure","+975 17966251","ajoygurung7@gmail.com"
"Hans Travels","+975 17926613","hanstravelbt@gmail.com"
"Happiest Country Tours","+975 77463636","info@happiestcountrytours.com"
"Happiness Country Holiday","+975 77286587","info@happinesscountryholiday.com"
"Happiness Horizon Travel","+975 16108570","info@happinesstravel.bt"
"Happiness Inside Journey","+975 77952826","happinessinsidejourney@gmail.com"
"Happiness Journey Bhutan","+975 77621538","happinessjourneybht@gmail.com"
"Happiness Kingdom Travels","+975 77111400","info@happinesskingdom.com"
"Happy Dream Adventure","+975 17590556","happydreambhutan@gmail.com"
"Happy Getaway tours & travel","+975 77857954","bhutanhappygetaway@gmail.com"
"Happy Holidays","+975 17129889","happyholidaysed@gmail.com"
"Happy land Travel","+975 16131109","bhutanhappylandtravel@gmail.com"
"happy peak tours","+975 17841519","info@happypeaktours.com"
"Happy Place Expedition","+975 17959897","happyplacebhutan@gmail.com"
"Happy Trips","+975 77884141","happytrips.bhutan@gmail.com"
"Heavenly Bhutan Travels","+975 17617107","info@heavenlybhutan.com"
"HHH Tours and Treks","+975 17110517","ugyentrippleh@gmail.com"
"Hidden Himalayas","+975 77489322","hiddenhimalayastravels@gmail.com"
"Hidden Lotus","+975 17564749","sales@hiddenlotus888.com"
"High Hills Travelers","+975 17665558","highillstravelers@gmail.com"
"Hiking Bhutan Travel","+975 17474224","hikingbhutantravels@gmail.com"
"Himalaya Juu Vacations","+975 17956008","himalayajuuvacations@gmail.com"
"Himalaya Pathway","+975 17672570","lotaay@gmail.com"
"Himalayan Blessings Tour","+975 77775797","karma@himalayanblessingstour.com"
"Himalayan Echoes","+975 17111716","hello@himalayanechoes.travel"
"Himalayan Expedition","+975 17118779","info@getbhutantour.com"
"Himalayan Flyfishing Adventure","+975 17777701","info@himalayanflyfishing.com"
"Himalayan foothills travels","+975 17257180","bhutanfoothills@gmail.com"
"Himalayan gateway travel","+975 17441350","himalayangatewaytravel@gmail.com"
"Himalayan Harmony Travel","+975 17415965","himalayanharmonytravel@gmail.com"
"Himalayan Hoppers Tours & Treks","+975 77453874","himalayanhoppers975@gmail.com"
"Himalayan Horizon Travels","+975 17704352","kunzang.namgye@gmail.com"
"Himalayan Kingdom Expedition","+975 77310943","vishalpradhan@gmail.com"
"Himalayan Marvels","+975 77270465","info@himalayanmarvels.com"
"Himalayan Mindfulness Adventures","+975 17126600","himalayanmindfulness@gmail.com"
"Himalayan Mystique Adventures & Holidays","+975 77933676","himalayanmystique.travel@gmail.com"
"Himalayan Quest Expedition Tours and Travel","+975 17330725","himalayanquestexpedition@gmail.com"
"Himalayan Realm Ventures","+975 77279927","enquiry@himalayanrealmventures.com"
"Himalayan Soul Travels","+975 16666677","contact@himalayansoultravels.com"
"Himalayan Unique Travels","+975 17723819","info@bhutanholidayadventure.com"
"Himalayan Unplugged Tours and Travels","+975 17527280","kafclone@gmail.com"
"HimaQuest Tours","+975 17172022","himaquesttours@gmail.com"
"Holiday in Bhutan","+975 17602336","holidayinbhutan@gmail.com"
"Holidays Bhutan","+975 17607080","sangay@holidays.bt"
"Humkara Tours and Treks","+975 17564352","humkaratnt@gmail.com"
"Ideal Travel Creations","+975 17124946","idealtravelcreations@gmail.com"
"iDesire Explorations","+975 17408888","explorations@idesire.page"
"Illuminating Tours","+975 17112426","illuminatingtours@gmail.com"
"Imperial Lotus Tours","+975 17111310","bhutanimperiallotustours@gmail.com"
"Indostan Viajes Tours","+975 17649935","indoviajestours@gmail.com"
"Ing Travel Company","+975 17110321","info@ingtravelco.com"
"Inner Asia Expeditions","+975 17116959","sherab@innerasiaexpeditions.com"
"Inscape Journey","+975 77466675","info@inscapebhutan.com"
"INSIDESHANGRILA","+975 17332946","dechentshering8@gmail.com"
"Inspire global tours and travels","+975 17349058","inspirebhutan123@gmail.com"
"International Treks & Tours ( P) Ltd","+975 77108152","intrekparo1@gmail.com"
"Inventure Travels","+975 77361311","inventuretravel@gmail.com"
"ITCHY FEET BHUTAN","+975 17538898","itchyfeetbhutan@gmail.com"
"jambayang travel service","+975 77101777","jambayangtours@gmail.com"
"jampeling tours and trek","+975 17660871","jamwanglodey@gmail.com"
"Jeroma Tours & Travels","+975 17521512","karmajeroma@gmail.com"
"Jetsuniae Tour and Travels","+975 77966668","jetsuniaetravels@gmail.com"
"Jewels of The Dragon Tours & Adventure","+975 17998585","tsire778585@gmail.com"
"Jigme Expeditions","+975 17110900","info@jigmeexpeditions.com"
"Jigzen Tours and Travels","+975 17111281","jigzenbhutan@gmail.com"
"Journey DMC Bhutan","+975 17794945","gaj@journeydmc.com"
"Journey To Discover Bhutan","+975 17110849","travelbhutan@hotmail.com"
"Journey to Find You Tours and Travel","+975 77461320","ajourneytofindyou@gmail.com"
"Journey to Mindfulness City Adventure","+975 77717126","mindfulnessadventure25@gmail.com"
"Journey to the South","+975 17601804","info@journeytts.com"
"Journey2shangrila","+975 17775271","journeytoshangrila@gmail.com"
"Joyful Journeys","+975 17608252","info@bhutanjoyfuljourneys.com"
"Joyful Tours and Travels","+975 17745722","tsheringrinzin528@gmail.com"
"Kanying Networking Tours And Travels","+975 17407293","kanying1020@gmail.com"
"Kara journeys","+975 17115656","kaajourneys@gmail.com"
"Karma Tours","+975 17613830","karmadjordan@gmail.com"
"Karma Tours Travel","+975 17271329","karmatourstravel@gmail.com"
"Karmay Tours","+975 17113689","info@karmaytours.com"
"Keys to Bhutan","+975 17118171","ktb975.b2b@gmail.com"
"Khala Mebar Tours & Trek","+975 17111137","khalamebar@gmail.com"
"Kinga Lhendup Adventures","+975 17562508","bhutankladventures@gmail.com"
"Kingdom Of Happiness Tours","+975 16108730","hello@kingdomofhappinesstours.com"
"Kingdom Quest","+975 17852983","kingdomquestbhutan@gmail.com"
"Kingdom Tour & Trek","+975 77256770","aogateways@gmail.com"
"Kiyul Odyssey","+975 16140577","explore@kiyulodyssey.com"
"KNG Bhutan Tours and Travels","+975 17717686","kngpackages@gmail.com"
"Kraftsmen Of Remarkable Adventures","+975 17649713","reservationkora@gmail.com"
"KS Himalayan Journey","+975 17904309","kshimalayanjourney@gmail.com"
"Kuenchap Tours Bhutan Travels (KTBT)","+975 17110591","ceo@ktbhutan.com"
"Kuenga Rawa Tours and Travels","+975 17829061","krttinfo@gmail.com"
"Kuenga Tours & Trek","+975 17647714","kuengatoursbt@gmail.com"
"Kuenpel Travels","+975 17671286","kyarpel@gmail.com"
"Kuenshey Tours and Trek","+975 77105571","kuensheytours@gmail.com"
"Kuzu Bhutan Travel","+975 17730998","kuzubhutantravel@gmail.com"
"Kuzu Travel","+975 77898242","kuzutravel10@gmail.com"
"Kuzu Zangpo Travels","+975 17477387","kuzuzangpotravels@gmail.com"
"Lamden Tours and Adventure","+975 17473024","lamdentours@gmail.com"
"Land of Thunder Dragon Tours and Travel","+975 77419163","lotdtourstravel77@gmail.com"
"Langur Eco Travels","+975 17160228","tangbi@langurecotravels.com"
"Laya Tours and Treks","+975 17114909","layatoursreservation@gmail.com"
"Lhalam Tours","+975 77177000","lhalam.toursandtravels@gmail.com"
"Lhamo Drizangma","+975 17305322","lhamodrizangma@gmail.com"
"Lhojong Dumra Tours","+975 77360462","yeshiongki16@gmail.com"
"Lhomen Tours & Trekking","+975 77441030","www.lhomen@gmail.com"
"Liberty Bhutan Tours","+975 17436900","info.libertybhutan@gmail.com"
"Ling Travel","+975 77177166","lingtravelbhutan@gmail.com"
"Lingkor Tours and Treks","+975 17171766","tsheringyangdhen@gmail.com"
"Linkyul","+975 17836372","info.linkyul@gmail.com"
"Little Bhutan","+975 17112338","info@littlebhutan.com"
"Little Planet Excursion","+975 17708108","gakigatshel@gmail.com"
"LODHAY TRAVELS & TOUR","+975 17607007","dorjitee959@gmail.com"
"Lotus Adventures Bhutan","+975 17110005","zikhatobgay@gmail.com"
"lotus Arising Travel","+975 17545482","lotusarisingtravel@gmail.com"
"Lotus Path Adventures","+975 77858443","info@lotuspathadventures.com"
"Lucky Dragon Tours & Treks","+975 77493458","info@luckydragontravels.com"
"LumaPath","+975 77256036","kinleyom01@gmail.com"
"Lumo Tour and Travel","+975 17718795","lumott2016@gmail.com"
"Luxury escapes beyond","+975 77901992","luxuryescapesbeyond@gmail.com"
"M.B.Travel","+975 17122940","mystiquebhutantravel@gmail.com"
"Mad Monk Travels","+975 77118644","madmonktravels@gmail.com"
"Maebar Travel","+975 17834844","info@maebartravel.com"
"Maeyangtours tours and travel","+975 17847662","info@maeyangtours.com"
"Magical Kingdom Tours","+975 17618553","rutland.michael@gmail.com"
"Magical Mountain Travels","+975 77603468","pwangdi67@gmail.com"
"Magical Vacations","+975 17555557","bhutantravelfacts@gmail.com"
"Make Memories Tours & Treks","+975 77777785","info@mmbhutan.com"
"Mamu-Raykong Himalayan Tours and Track","+975 77709617","thartthinley@gmail.com"
"ManiBata Tours & Travels","+975 17804162","urinzin2012@gmail.com"
"Manifest B' Expeditions","+975 77961648","travel@manifestbhutan.com"
"Maps Bhutan Holidays","+975 17615883","mapsbhutan@gmail.com"
"Mark Me Tours and Treks.","+975 77421418","bhutanmarkme@gmail.com"
"Marvellous Bhutan Travel","+975 17114437","info@marvellousbhutan.com"
"Maya Himalaya Travels","+975 17233434","mayahimalayan@gmail.com"
"Mercury Bhutan Travels","+975 17127188","bhutan@mercurybhutan.com"
"Metho Adventure","+975 17602808","drukmethoadventure@gmail.com"
"Metho Bhutan Tours & Treks","+975 17119002","methotours@gmail.com"
"Migmar Tours and Travel","+975 77342900","info@migmartours.com"
"Miles With BTW","+975 17740306","btwtourinfo@gmail.com"
"Mindful Explorers","+975 17170455","mindfulexplorersbhutan@gmail.com"
"MINDFUL HAPPINESS TRAVEL","+975 17794088","mindfulhappinesstravel@gmail.com"
"Mindful Horizon Travel","+975 77644906","mindfulhorizontravel@gmail.com"
"Mindful Journeys","+975 77455234","mindfuljourneys25@gmail.com"
"Misty Mountains Tours and Treks","+975 17110098","mistymountainstoursandtreks16@gmail.com"
"Moenlam Travels","+975 77886617","moenlamtravels@gmail.com"
"MOM DMC BHUTAN ( designation management company )","+975 17115779","bhutan@mindsonmarketing.in"
"Monks and Mountains Trips","+975 77205550","mmtbhutantours@gmail.com"
"Mountain Glory Adventure","+975 17411040","mgadventuree@gmail.com"
"Mountain Travel Bliss","+975 17634216","info@mountaintravelbliss.com"
"My Asia Tours","+975 17447300","info.myasiatours@gmail.com"
"My idyllic journey","+975 77422178","info@myidyllicjourney.com"
"MyBhutan","+975 17611325","chechey@mybhutantravel.bt"
"Mystic Dragon","+975 17587471","mysticdragontoursandtravel26@gmail.com"
"mystic Tours & Travels","+975 77290489","kezang@mystic-bhutan.com"
"MyVista Tours & Treks","+975 17787805","kelzang@myvistabhutantours.com"
"Namay Samay Bhutan Tours","+975 17115005","namaysamaybhutan@gmail.com"
"Namgay Adventure Travels","+975 17924740","info@namgayadventuretravels.com"
"Nangyzer Tours & Expeditions","+975 17902465","phurbawangmo@gmail.com"
"Nature Nest Travel","+975 17425127","llhazin@gmail.com"
"NatureWings Bhutan","+975 17582098","naturewings.sabitra@gmail.com"
"Neptune Holidays Bhutan","+975 17668047","neptuneholidaysbhutan@gmail.com"
"New Age Bhutan Tours","+975 77888877","tashi@newagebhutan.com"
"NindaKar Sum Travels","+975 17800771","nindakarsumtravels@gmail.com"
"Nine Tours & Treks","+975 77840800","ninetoursandtreks@gmail.com"
"Nob Travel Associates","+975 77410199","ngbhutan777@gmail.com"
"Norbu Bhutan Travel Pve Ltd","+975 17140164","pemawangmo@norbubhutan.com"
"NTS Tour and Travels","+975 77208086","ntstourtravels2025@gmail.com"
"NUGO BHUTAN","+975 77867776","nugobhutan12@gmail.com"
"Nyen-Dha","+975 17950827","dorjiten020@gmail.com"
"Nyindha Adventures","+975 77985042","nyindhaadventure@gmail.com"
"Nyzer Tours & Treks","+975 17603925","nyzertours@gmail.com"
"Ogyen & Co","+975 17311069","hello@ogyen.co"
"Oie Travel","+975 17604875","oietravel11@gmail.com"
"Ola Tours and Trek","+975 77299660","olahereforyou@gmail.com"
"Om Travenza Tours","+975 17724383","ombhutan@gmail.com"
"Oma tours n travels","+975 17308071","styleomaa@gmail.com"
"OMSHA Travel","+975 77253545","omshatravel@gmail.com"
"One Bhutan Adventure","+975 17505657","sonamrinchen@ibest.bt"
"One Two Three Tours","+975 17683187","onetwothreetours.bt@gmail.com"
"ONE WORLD TOURS AND TRAVEL","+975 17798951","oneworldticketing@gmail.com"
"Oriental Travel Planner","+975 17801138","orientaltravelplannerbhutan@gmail.com"
"Original Bhutan Travels","+975 17223888","info@originalbhutan.com"
"Padmasambhava Tours and Treks","+975 17117810","ptt032008@gmail.com"
"Padmasana Bhutan Travel","+975 16921041","pbtbhutan@gmail.com"
"Palbheu Tours and Trek","+975 17638407","palbheutoursandtrek820@gmail.com"
"Pawo Tours & Treks","+975 77113953","bhutanpawo@gmail.com"
"Peacock adventure Tours","+975 17885658","peacockbhutan@gmail.com"
"Pelden Adventures","+975 77309589","info@peldenadventures.com"
"Peling Rose Tours & Treks","+975 77985055","info.pelingrose@gmail.com"
"Pelyang Bhutan Tours","+975 17952660","Pelyangbhutantours@gmail.com"
"Pema Samphel Tours and Travel","+975 77841479","pemasampheladventure@gmail.com"
"Pema Tours and Travels","+975 17603463","info@pematoursbhutan.com"
"Phallusworldtours","+975 77879785","phallusworldtour@gmail.com"
"Phen Phen Maa Travel Agent","+975 17507261","info@phenphenmaatravel.com"
"Phendey Tours and Treks","+975 77308966","phendeytours@gmail.com"
"Phuentshok Tours & Treks","+975 77988918","info@bhutanexperiences.com"
"Phuntshok Gatshel Tours","+975 17675431","tashivarjra@gmail.com"
"Pine and Prayer Travel","+975 17762302","info@pineandprayertravel.com"
"Pine Peak Travels","+975 77334665","pinepeaktravels@gmail.com"
"Planet Pulse Tours and Trek","+975 77913666","info@planetbhutantours.com"
"Prayer Flags Tours & Adventure","+975 17569767","info@prayerflagstours.com"
"Prestige Travel","+975 17744461","prestigetravelbhutan@gmail.com"
"Pureland Travel Quest","+975 77309614","infobhutanquest@gmail.com"
"Purely Bhutan","+975 77385842","info@purelybhutan.com"
"Quick Travellers","+975 17536741","info@quicktravellers.com"
"Rainbow Tours and Treks","+975 17111058","rainbow@rainbowbhutan.com"
"Raven Tours and Treks","+975 17561977","discover@raventoursandtreks.com"
"Rays Vacation","+975 17619550","raysbhutan@gmail.com"
"Recess Bhutan Tours","+975 17614829","info@recessbhutantours.com"
"Rejuvenate tours and travels","+975 17780808","rejuvenatetoursandtravels@gmail.com"
"Relish Tours Bhutan","+975 17744214","relishtoursbhutan@gmail.com"
"Ren Tours & Treks","+975 17119322","renbhutan@gmail.com"
"Renown Bhutan Adventures","+975 77759316","renownbhutanadv@gmail.com"
"Resa Tours and Travel","+975 17630494","resabhutandestination@gmail.com"
"Reveal Bhutan Tours and Treks","+975 17520809","revealbhutan@gmail.com"
"Rhododendron Belle Tours","+975 77917555","rhododendronbelle@gmail.com"
"RI RAB HOLIDAYS","+975 17997663","tsheringd12@gmail.com"
"Ridra Tours & Treks","+975 17436848","ridratourstreks@gmail.com"
"Rimso Travels and Ticketing","+975 77217447","bhutanrimsotravels@gmail.com"
"Rinchen Tours & Travels","+975 17652608","rinchentourstreks@gmail.com"
"Rinlha Tours & Treks","+975 17630488","rinlha.tours@gmail.com"
"Rinzin Thunderbolt","+975 77205059","ginger22nd@gmail.com"
"ritual journeys","+975 17641040","RitualJourneys@hotmail.com"
"RJD","+975 77754222","rjdtours@gmail.com"
"Routes and Journeys","+975 17111400","info@routesandjourneys.com"
"Rural Heritage Bhutan","+975 17113615","opsandres@ruralheritagebhutan.com"
"Rustic Frontiers","+975 17349862","info@rusticfrontiers.com"
"sacred himalaya travel","+975 17113562","info@sacredhimalayatravel.com"
"Sacred Kingdom","+975 77888822","sacredkingdomtravel@gmail.com"
"Sacred Peak Journeys","+975 17118046","karma@sacredpeaksjourneys.com"
"SaidPieceTravelers","+975 17899794","saidpiecetravel@gmail.com"
"Sakten Tours & Treks","+975 17110926","info@sakten.com"
"Samlha Tours and Travels","+975 77229851","samlhatravel@gmail.com"
"Samten Phuentshog Yoesel Travel","+975 77980123","lhamopema355@gmail.com"
"Sanctuary Gateway","+975 17388970","sanctuarygatewaytoursandtrek@gmail.com"
"SC Ventures","+975 17739844","hello@thescventures.com"
"SD Travel","+975 17726912","info@sdconsultant.com.au"
"SEM-ZANG Tours","+975 17612155","sotob.st@gmail.com"
"Serene Echo","+975 17965303","tandind73@gmail.com"
"Serene Getaways-Bhutan","+975 17169999","info@serenebhutan.com"
"Serenity Journeys Tours and Treks","+975 77940859","info@serenityjourneys.com.bt"
"Serenity Retreats","+975 77201947","serenityretreatsbhutan@gmail.com"
"Ser-Yoed Tours and Travel","+975 77366602","seryoedbhutantours@gmail.com"
"Sha Adventure","+975 77610853","shaadventure@gmail.com"
"Shahara Bhutan Tours and Trek","+975 17220349","shaharabhutantours@gmail.com"
"Shambhala Trails","+975 77763604","shambhalabhutan22@gmail.com"
"Shangrila Bhutan Tours & Treks","+975 17111011","shangrilabhutan@gmail.com"
"Shangrila Footprints","+975 17722333","shangrilafootprints@gmail.com"
"shekinah glory travels","+975 17477507","info@shekinahglorytravel.com"
"Shining Bhutan Tours and Treks","+975 17602229","sangpojigs@gmail.com"
"Simply Bhutan","+975 17684332","bhutan@simplybhutan.com"
"Skine Travels","+975 77718524","funsogelsen@gmail.com"
"SKY Travels","+975 17603836","bhutansky@gmail.com"
"slowsteps","+975 17111269","slowsteps.bt@gmail.com"
"smile bhutan","+975 77763794","smilebhutantours@gmail.com"
"SNG Tours & Treks","+975 17610623","sngtoursandtreks@gmail.com"
"Snow Lion Travels- Tours & Treks","+975 17115125","info@snowliontravels.com"
"SNOW PIGEON TOURS & TREK","+975 17635357","snowpigeon14@gmail.com"
"Snow White treks and tours","+975 17111161","info@snowwhitetours.com.bt"
"Soha Voyage","+975 77605271","contact@sohavoyage.com"
"Sojourn Guru Tours and Treks","+975 77983174","sojournguruadventure@gmail.com"
"Sokshing Travel","+975 77980203","sokshingtravel@gmail.com"
"solira tours and treks","+975 17806928","solirabhutan@gmail.com"
"Somify Destination Tours","+975 17607858","info@somifydestination.com"
"Sonam Norden Tours and Treks","+975 77158899","info@bhutanrose.com"
"Sorwa Bhutan Travels","+975 77627626","sorwabhutan@gmail.com"
"Soul Trips","+975 17795090","hello@soultrips.co"
"South Hills Tours & Travels","+975 17550505","southhillstourstravels@gmail.com"
"Southeast Himalaya Adventure","+975 77238374","southeasthimalaya@gmail.com"
"Spirit of Bhutan Tours","+975 17170388","bhutanspirit@gmail.com"
"Subba Adventures","+975 77260400","subbaadventures@gmail.com"
"Sundara Bhutan","+975 77783859","sundarabhutan@gmail.com"
"sweet-escapes-tours-and-travels","+975 17275527","sweetescapes.bhutan@gmail.com"
"Swift Adventure","+975 16103333","bhutanswiftadventure@gmail.com"
"Tales of Bhutan Tour","+975 17779500","talesofbhutantour@gmail.com"
"Tall Pines","+975 17164692","tallpinesbhutan@gmail.com"
"Tamyig Journeys","+975 17523151","deeongmoo10@gmail.com"
"Tandin Bhutan Travel","+975 17545041","tandinbhutantravel@gmail.com"
"Tashi Phuntsho Tours and Travels","+975 77794604","booking.tashiphuntshotours@gmail.com"
"Tashi Tours & Travel","+975 77108888","oprations.tashitours@gmail.com"
"TEEM TRAVEL BHUTAN","+975 17391186","ttbhutan7@gmail.com"
"Tengtengma Tours","+975 17127471","tengtengmatours@gmail.com"
"Terton Travel Bhutan","+975 77179999","tertonbhutan@gmail.com"
"The Gawa Holidays","+975 17118100","thegawaholidays@gmail.com"
"The Grand Dragon planet tours and trek","+975 77407712","thegranddragonplanet@gmail.com"
"The Great Himlayan Explorer","+975 17523905","thegreathimalayanexplorer@gmail.com"
"The Green Dot Bhutan Tours","+975 17645105","thegreendotbhutantours@gmail.com"
"The Happy Firm-LAM THI THUY HA","+975 17939036","team@thehappyfirmbhutan.com"
"The Hoppers Adventure","+975 17965187","thehoppersadventure@gmail.com"
"The Mindful Path Tours","+975 77337201","themindfulpathtours11@gmail.com"
"The Orchard Travels","+975 17700787","theorchardtravels@gmail.com"
"The Travel Organizer","+975 77609035","thetravelorganizer24@gmail.com"
"The Traveller Trails","+975 17461287","travellertrailsbhutan@gmail.com"
"Thinley Tours and Travel","+975 17533756","thinleytours@gmail.com"
"Thoesam Tours and Trekking","+975 77104989","info@thoesam.travel"
"Three Valleys Expedition","+975 77107254","bookingsthreevalleyexpedition@gmail.com"
"Thun Tour  & Travel","+975 17324605","thuntour2019@gmail.com"
"Thunphel Bhutan Travels","+975 17171579","thunphelbhutan@gmail.com"
"Tiger Adventures Bhutan","+975 77111009","tigeradventures@gmail.com"
"Tiny Kingdom Travels","+975 17665442","tinykingdomtours@gmail.com"
"TNP Travel","+975 16127069","tnptravel26@gmail.com"
"To Bhutan","+975 17744356","tobhutan108@gmail.com"
"Topjoy Travels","+975 17982363","trustseek506@gmail.com"
"Touch Bhutan Travel","+975 77399342","hello@touchbhutantravel.com"
"Tours of Chilli and Tales","+975 17952188","happychilliandtales@gmail"
"Travel Finder Tours","+975 17937798","info@travelfindertours.com"
"Travel Mantra","+975 77676872","info@bhutantravelmantra.com"
"Travel More","+975 17236237","travelmorebhutan@gmail.com"
"Travel To Bhutan","+975 17621454","mailtraveltobhutan@gmail.com"
"Travel to Happiness","+975 77726229","kddtoursandtravel@gmail.com"
"Travel Touch Tours","+975 77492544","traveltouchbhutan@gmail.com"
"Travel With Indo Shangrila","+975 17170641","info@travelwithindobhutan.com"
"Travel.Bhutan","+975 17125271","dekiw15@gmail.com"
"Travelalchemy tours and travels","+975 17888008","travelalchemytours@gmail.com"
"traveland travellers","+975 16103523","rinchen@travelandtravellers.com"
"Travelers Choice","+975 17170332","kamagelin@gmail.com"
"Traveller's Guide","+975 77713013","travellersguidebhutan@gmail.com"
"TravelMadness","+975 17113852","travelmadnessbhutan@gmail.com"
"Travelutions","+975 17504077","travelutionsbhutan@gmail.com"
"Trekking In Bhutan","+975 77845366","sales@trekking-in-bhutan.com"
"TREKKUP BHUTAN","+975 17988259","bhutantrekkup@gmail.com"
"Trip to Dragon Kingdom Tours","+975 77314036","triptodragonkingdomtours@gmail.com"
"TROGON TRAVELS","+975 77988977","info@trogontravels.com"
"Truly Bhutan Travel","+975 17130038","trulybhutantravel@gmail.com"
"trustedtours","+975 77731798","dorjikinley9814@gmail.com"
"Tse Tours and Travel","+975 17119900","tsetoursandtravel@gmail.com"
"Tsenden Travel Service","+975 17113311","tsenden@gmail.com"
"Tshe Dorji Tours And Travel","+975 17246282","tshedorjitoursandtravel@gmail.com"
"TT Tours & Travels","+975 77491898","bhutantourwithtt@gmail.com"
"TTaksa Tours & Travel","+975 77209205","yuraataksa@gmail.com"
"Ugyen-TG tours and trek","+975 17388488","ugenthinley90@gmail.com"
"Ultimate Botan Travel","+975 17171566","info@ultimatebhutantravel.com"
"Uni Asia tour","+975 17625924","uniasiabt@hotmail.com"
"unknown himalayas tours and treks","+975 16168313","contact@himalayas.com"
"Unseen Himalayas","+975 16168893","unseenhimalayasbhutan@gmail.com"
"Untold Bhutan Tours and Travels","+975 17464442","untoldbhutan@gmail.com"
"Unveilinghappiness Tours and Treks","+975 17931005","unveilinghappiness@gmail.com"
"Utpal Holidays","+975 77412267","ktshering695@gmail.com"
"Vacation Venture Tours","+975 77687208","vacationventuretour56@gmail.com"
"Vajra guru spiritual travels","+975 17636588","vajrag@gmail.com"
"Vattara Quest","+975 17869033","vattaraquest@gmail.com"
"VenTara Tours","+975 17323976","info@ventaratours.com"
"Viaggio Anima Himalaya","+975 17578625","viaggioanimahimalaya@gmail.com"
"Vision Himalaya Tours","+975 17301301","visionhimalayatours@gmail.com"
"Visit Bhutan Tours and Travels","+975 77282894","visitbhutantravels@gmail.com"
"visit happy trip","+975 77700226","visithappytrip@gmail.com"
"Vivid Bhutan Travels","+975 17541815","vividbhutan@gmail.com"
"Wanderlust  Culture and Adventure Tours","+975 17999505","lhadonsonam49@gmail.com"
"Wanderlust Expedition","+975 17771787","wanderlustexpd@gmail.com"
"Wanderlust Experience","+975 17997008","jamyang3392@gmail.com"
"Wanderlust Travel","+975 17939874","bhutanwanderlust7@gmail.com"
"Wangchuk Tours & Treks","+975 17118800","mail@wangchuktours.com"
"Wayfarertravels","+975 16136559","wayfarertravels@gmail.com"
"Welcome Travels","+975 17110488","ceo@cometobhutan.com"
"White Raven Tours & Travels","+975 17920418","whiteraventours@gmail.com"
"White Umbrella Tours","+975 77331613","phuentshowhiteu@gmail.com"
"Wild Nature Quest","+975 17119664","bhutanbirding@gmail.com"
"Wind Horse Tours, Treks & Expeditions","+975 17164151","yonten@windhorsetours.com"
"Window To Bhutan","+975 17627266","info@windowtobhutan.com"
"Wing Trip Tour and Trek","+975 17982556","sanendup@gmail.com"
"Wings to Himalayan Kingdom Tours and Treks","+975 77655585","wingstobhutan@outlook.com"
"Winsome Dragon Travels","+975 77470808","bhutanwinsome@gmail.com"
"Woekar Trengwan Adventure","+975 77215288","woekaradventure@gmail.com"
"Wonderful Expeditions","+975 17848477","wonderfulexpeditions@gmail.com"
"World Tour Plan","+975 17789278","info@worldtourplan.com"
"World Tourism Desk","+975 17372607","worldtourismdesk@gmail.com"
"Worldair Holiday","+975 17170799","worldairholiday@gmail.com"
"WorldAir Travel","+975 17311928","ennsung87@gmail.com"
"Xpedition Travel","+975 77348575","karmabhutan@xpdtravel.com"
"xplore Bhutan","+975 17474180","pemanidupbsa@gmail.com"
"Yak Holidays International","+975 77280724","yakadv@gmail.com"
"YANA Expeditions","+975 17119779","reservation@yanatravel.com"
"YangChhar Journeys","+975 77765059","yangchharjourneys@gmail.com"
"Yangphel Adventure  Travel","+975 17119030","peldon@yangphel.com"
"Yatara Adventure","+975 17628813","bhutantravelpackage@gmail.com"
"Yatniel Tours and Treks","+975 77642977","yatnieltoursandtreks@gmail.com"
"Yeega Adventure Tours","+975 17687018","yeegaadventure.bt@gmail.com"
"Yelha Bhutan Tours and Travels","+975 17609635","yelhabhutan@gmail.com"
"Yeti Homeland Adventures","+975 77231259","yeti.bhutan@gmail.com"
"Yodsel Tours & Treks","+975 17127071","bhutanyodsel@gmail.com"
"YOENZO Tours and Treks","+975 17844242","yoenzotoursandtrek@gmail.com"
"Your Holidays Travel","+975 17679650","yourholidayst@gmail.com"
"Yuden Tours Bhutan","+975 17110528","ceo@bhutanyudentours.com"
"Yu-Druk Tours & Treks","+975 17444917","yudruk1985@gmail.com"
"Yuelkor Tours and Travel","+975 77222111","yuelkortour@gmail.com"
"Yumka Travels","+975 17835759","yumkatravels@gmail.com"
"Yuthika Tours and Travels","+975 77337275","yuthikatoursandtravels@gmail.com"
"Zhidey Bhutan Tours & Treks","+975 77975035","zhidey@zhideybhutan.com"
"Zhingkham Excrusions","+975 17398517","info@zhingkhamexcursions.com"
"ZHIWA YATRA","+975 77751678","zhiwayatra@gmail.com"
"Zoid jin tours","+975 17957495","zoidjintours@gmail.com"
