id,name,phone,email,website,slug,dzongkhag,source_url
589,xplore Bhutan,+975 17474180,pemanidupbsa@gmail.com,http://www.bhutanxplore.com/,xplore-bhutan,Thimphu,https://services.bhutan.travel/search/tour-operator/xplore-bhutan
1444,Happiness Horizon Travel,+975 16108570,info@happinesstravel.bt,http://www.happinesstravel.bt,happiness-horizon-travel,Thimphu,https://services.bhutan.travel/search/tour-operator/happiness-horizon-travel
1405,Travel To Bhutan,+975 17621454,mailtraveltobhutan@gmail.com,http://www.traveltobhutan.bt,travel-to-bhutan,Thimphu,https://services.bhutan.travel/search/tour-operator/travel-to-bhutan
1173,Aarya Village Travel,+975 77622411,aaryatravelbhutan@gmail.com,http://aaryatour.com/#contact,aarya-village-travel,Thimphu,https://services.bhutan.travel/search/tour-operator/aarya-village-travel
1048,Renown Bhutan Adventures,+975 77759316,renownbhutanadv@gmail.com,http://www.renownbhutanadventures.com,renown-bhutan-adventures,Thimphu,https://services.bhutan.travel/search/tour-operator/renown-bhutan-adventures
553,High Hills Travelers,+975 17665558,highillstravelers@gmail.com,http://www.highills.bt,high-hills-travelers,Thimphu,https://services.bhutan.travel/search/tour-operator/high-hills-travelers
556,Green Zone Destination,+975 17264398,greenzdestination@gmail.com,http://www.greenzonedestination.com,green-zone-destination,Thimphu,https://services.bhutan.travel/search/tour-operator/green-zone-destination
511,Gems Bhutan Travels,+975 77888899,gem@gemsbhutantravels.com,http://www.gemsbhutantravels.com,gems-bhutan-travels,Thimphu,https://services.bhutan.travel/search/tour-operator/gems-bhutan-travels
1485,Basnet Adventures,+975 77333220,info@wonderbhutan.com,http://wonderbhutan.com,basnet-adventures,Thimphu,https://services.bhutan.travel/search/tour-operator/basnet-adventures
605,Bhutan Green Travel (BGT),+975 17619661,info@bhutangreentravel.com,http://www.bhutangreentravel.com,bhutan-green-travel-bgt,Thimphu,https://services.bhutan.travel/search/tour-operator/bhutan-green-travel-bgt
1661,Bhutan Mandala Tours & Treks,+975 17111704,bhutanmandala2023@gmail.com,http://www.bhumandalatravels.com,bhutan-mandala-tours-treks,Thimphu,https://services.bhutan.travel/search/tour-operator/bhutan-mandala-tours-treks
584,Holidays Bhutan,+975 17607080,sangay@holidays.bt,http://www.holidays.bt,holidays-bhutan,Thimphu,https://services.bhutan.travel/search/tour-operator/holidays-bhutan
1157,Sundara Bhutan,+975 77783859,sundarabhutan@gmail.com,http://www.sundarabhutan.com,sundara-bhutan,Thimphu,https://services.bhutan.travel/search/tour-operator/sundara-bhutan
350,Moenlam Travels,+975 77886617,moenlamtravels@gmail.com,http://moenlamtravels.com,moenlam-travels,Thimphu,https://services.bhutan.travel/search/tour-operator/moenlam-travels
1412,BHUTAN TAKIN TRAILS,+975 17338844,yetimanbt@yahoo.com,http://www.bhutantakintrails.com,bhutan-takin-trails,Thimphu,https://services.bhutan.travel/search/tour-operator/bhutan-takin-trails
1686,Dzashay Chena Thuendrel Tours,+975 17436458,info@dzashaychenathuendreltours.com,http://dzashaychenathuendreltours.com,dzashay-chena-thuendrel-tours,Thimphu,https://services.bhutan.travel/search/tour-operator/dzashay-chena-thuendrel-tours
848,Choe Nga Leisure Travel,+975 17673911,choengaleisuretravel@gmail.com,http://www.choengaleisuretravel.com.bt,choe-nga-leisure-travel,Thimphu,https://services.bhutan.travel/search/tour-operator/choe-nga-leisure-travel
522,ALAYA @Traveling,+975 77219265,booking@travelingbhutan.com,http://www.travelingbhutan.com,alaya-at-traveling,Thimphu,https://services.bhutan.travel/search/tour-operator/alaya-at-traveling
1266,ADV TOURS AND TREKS,+975 77726478,advtourstreks@gmail.com,http://www.advtoursandtreks.info/,adv-tours-and-treks,Thimphu,https://services.bhutan.travel/search/tour-operator/adv-tours-and-treks
289,Soul Trips,+975 17795090,hello@soultrips.co,https://soultrips.co/,soul-trips,Thimphu,https://services.bhutan.travel/search/tour-operator/soul-trips
38,Across Bhutan,+975 17119644,acrossbhutan@gmail.com,http://www.travelacrossbhutan.com,across-bhutan,Thimphu,https://services.bhutan.travel/search/tour-operator/across-bhutan
1240,As Bhutan Travels,+975 17664864,asbhutan@gmail.com,http://www.asbhutan.com,as-bhutan-travels,Thimphu,https://services.bhutan.travel/search/tour-operator/as-bhutan-travels
548,Wild Nature Quest,+975 17119664,bhutanbirding@gmail.com,http://www.bhutanbirding.com,wild-nature-quest,Thimphu,https://services.bhutan.travel/search/tour-operator/wild-nature-quest
808,Jeroma Tours & Travels,+975 17521512,karmajeroma@gmail.com,http://www.jeroma-tours.com,jeroma-tours-travels,Thimphu,https://services.bhutan.travel/search/tour-operator/jeroma-tours-travels
597,Amedewa Tours And Trek,+975 17306726,travelamedewa@gmail.com,http://www.amedewa.com,amedewa-tours-and-trek,Thimphu,https://services.bhutan.travel/search/tour-operator/amedewa-tours-and-trek
31,Bhutan Online Booking Travel,+975 17792453,onlinebhutan@gmail.com,http://www.bhutanonlinetravels.com,bhutan-online-booking-travel,Thimphu,https://services.bhutan.travel/search/tour-operator/bhutan-online-booking-travel
1372,Dream trail Adventure,+975 77656116,dreamtrailadventure@gmail.com,http://dreamtrailadventure.com,dream-trail-adventure,Thimphu,https://services.bhutan.travel/search/tour-operator/dream-trail-adventure
756,Bhutan Exodus Tours,+975 77114164,padro36@gmail.com,http://www.bhutanexodustours.com,bhutan-exodus-tours,Thimphu,https://services.bhutan.travel/search/tour-operator/bhutan-exodus-tours
831,Magical Mountain Travels,+975 77603468,pwangdi67@gmail.com,http://bhutanmagicaltravel.com,magical-mountain-travels,Thimphu,https://services.bhutan.travel/search/tour-operator/magical-mountain-travels
722,Samlha Tours and Travels,+975 77229851,samlhatravel@gmail.com,http://samlhatours.com,samlha-tours-and-travels,Thimphu,https://services.bhutan.travel/search/tour-operator/samlha-tours-and-travels
558,Ambassador Holidays Planner,+975 17891750,bhutanambassadorholidays@gmail.com,http://www.bhutanambassadorholidays.com,ambassador-holidays-planner,Thimphu,https://services.bhutan.travel/search/tour-operator/ambassador-holidays-planner
706,MyBhutan,+975 17611325,chechey@mybhutantravel.bt,http://www.mybhutantravel.bt,mybhutan,Thimphu,https://services.bhutan.travel/search/tour-operator/mybhutan
1323,Tshe Dorji Tours And Travel,+975 17246282,tshedorjitoursandtravel@gmail.com,http://tshedorjitoursandtravel.com/,tshe-dorji-tours-and-travel,Thimphu,https://services.bhutan.travel/search/tour-operator/tshe-dorji-tours-and-travel
1666,Aravia Peaks,+975 17565604,bhutanaraviapeak@gmail.com,http://www.bhutanaraviapeaks.com,aravia-peaks,Thimphu,https://services.bhutan.travel/search/tour-operator/aravia-peaks
1390,Rinzin Thunderbolt,+975 77205059,ginger22nd@gmail.com,http://www.rtb.bt,rinzin-thunderbolt,Thimphu,https://services.bhutan.travel/search/tour-operator/rinzin-thunderbolt
1097,Himalayan Mindfulness Adventures,+975 17126600,himalayanmindfulness@gmail.com,http://www.mindfulnesstours.com,himalayan-mindfulness-adventures,Thimphu,https://services.bhutan.travel/search/tour-operator/himalayan-mindfulness-adventures
1001,Chakar Tours and Treks,+975 17170007,chakartours@gmail.com,http://www.chakartours.com,chakar-tours-and-treks,Thimphu,https://services.bhutan.travel/search/tour-operator/chakar-tours-and-treks
867,Bhutan Tara Excursion,+975 17810115,bhutantara2017@gmail.com,http://www.bhutantaraexcursion.com,bhutan-tara-excursion,Thimphu,https://services.bhutan.travel/search/tour-operator/bhutan-tara-excursion
303,Mercury Bhutan Travels,+975 17127188,bhutan@mercurybhutan.com,http://mercurybhutan.com,mercury-bhutan-travels,Thimphu,https://services.bhutan.travel/search/tour-operator/mercury-bhutan-travels
1082,Druk bayuel Tours,+975 77111298,info@greenbhutantours.com,http://www.greenbhutantours.com,druk-bayuel-tours,Thimphu,https://services.bhutan.travel/search/tour-operator/druk-bayuel-tours
1036,Druk Executive Travel,+975 17600169,drukexecutive@gmail.com,http://www.drukexecutivetravels.com,druk-executive-travel,Thimphu,https://services.bhutan.travel/search/tour-operator/druk-executive-travel
845,Amala Travel in Bhutan,+975 17381338,phubdorji881@gmail.com,http://amaladestinations.com,amala-travel-in-bhutan,Thimphu,https://services.bhutan.travel/search/tour-operator/amala-travel-in-bhutan
1505,Happy land Travel,+975 16131109,bhutanhappylandtravel@gmail.com,http://bhutanhappylandtravel.com,happy-land-travel,Thimphu,https://services.bhutan.travel/search/tour-operator/happy-land-travel
620,Bhutan Peak Adventure,+975 77712404,peakadventurebhutan@gmail.com,http://bhutanpeakadventure.com,bhutan-peak-adventure,Thimphu,https://services.bhutan.travel/search/tour-operator/bhutan-peak-adventure
1014,Bhutan Travels,+975 17762255,bestbhutantravels@gmail.com,http://bestbhutantravels.com,bhutan-travels,Thimphu,https://services.bhutan.travel/search/tour-operator/bhutan-travels
529,Southeast Himalaya Adventure,+975 77238374,southeasthimalaya@gmail.com,http://www.southeasthimalaya.com,southeast-himalaya-adventure,Thimphu,https://services.bhutan.travel/search/tour-operator/southeast-himalaya-adventure
342,Untold Bhutan Tours and Travels,+975 17464442,untoldbhutan@gmail.com,http://www.untoldbhutan.com,untold-bhutan-tours-and-travels,Thimphu,https://services.bhutan.travel/search/tour-operator/untold-bhutan-tours-and-travels
1679,Bhutan High End Tours,+975 77322516,bhutanhighendtours@gmail.com,http://www.bhutanhighendtours.com,bhutan-high-end-tours,Thimphu,https://services.bhutan.travel/search/tour-operator/bhutan-high-end-tours
1306,NatureWings Bhutan,+975 17582098,naturewings.sabitra@gmail.com,http://www.naturewingsbhutan.bt,naturewings-bhutan,Thimphu,https://services.bhutan.travel/search/tour-operator/naturewings-bhutan
790,Journey DMC Bhutan,+975 17794945,gaj@journeydmc.com,https://www.JourneyDMC.com,journey-dmc-bhutan,Thimphu,https://services.bhutan.travel/search/tour-operator/journey-dmc-bhutan
1050,Routes and Journeys,+975 17111400,info@routesandjourneys.com,http://www.travelbhutantours.com,routes-and-journeys,Thimphu,https://services.bhutan.travel/search/tour-operator/routes-and-journeys
1217,Sonam Norden Tours and Treks,+975 77158899,info@bhutanrose.com,http://www.sonamnordentravels.com,sonam-norden-tours-and-treks,Thimphu,https://services.bhutan.travel/search/tour-operator/sonam-norden-tours-and-treks
506,Embrace Bhutan Travel,+975 17603735,embracebhutan@gmail.com,https://www.embracebhutantravel.com,embrace-bhutan-travel,Thimphu,https://services.bhutan.travel/search/tour-operator/embrace-bhutan-travel
501,Druk Jorpel Adventures,+975 17746783,callbhutan@gmail.com,http://www.jorpeladventures.com,druk-jorpel-adventures,Thimphu,https://services.bhutan.travel/search/tour-operator/druk-jorpel-adventures
853,Bhutan Holiday Trips,+975 77223020,bht.bhutan@gmail.com,http://www.bhutanholidaytrips.com,bhutan-holiday-trips,Thimphu,https://services.bhutan.travel/search/tour-operator/bhutan-holiday-trips
339,Metho Adventure,+975 17602808,drukmethoadventure@gmail.com,http://drukmethoadventure.com/,metho-adventure,Thimphu,https://services.bhutan.travel/search/tour-operator/metho-adventure
1353,Adventure Planet Travels,+975 17685640,adventureplanetravels@gmail.com,http://www.bhutanmotorbiking.com,adventure-planet-travels,Thimphu,https://services.bhutan.travel/search/tour-operator/adventure-planet-travels
1211,Karma Tours,+975 17613830,karmadjordan@gmail.com,http://www.bhutankarmatours.com,karma-tours,Thimphu,https://services.bhutan.travel/search/tour-operator/karma-tours
660,Magical Vacations,+975 17555557,bhutantravelfacts@gmail.com,http://bhutantravelfacts.com,magical-vacations,Thimphu,https://services.bhutan.travel/search/tour-operator/magical-vacations
793,BHUTAN VISIT,+975 17163190,info@bhutanvisit.com,http://www.bhutanvisit.com,bhutan-visit,Thimphu,https://services.bhutan.travel/search/tour-operator/bhutan-visit
1363,Dragon Trekkers & Tours,+975 17111822,reservationdragon@gmail.com,http://www.dragontrekkers.com,dragon-trekkers-tours,Thimphu,https://services.bhutan.travel/search/tour-operator/dragon-trekkers-tours
792,Adventures in Bhutan,+975 77290123,adventuresinbhutan@gmail.com,http://www.snowmantreks.com,adventures-in-bhutan,Thimphu,https://services.bhutan.travel/search/tour-operator/adventures-in-bhutan
825,Touch Bhutan Travel,+975 77399342,hello@touchbhutantravel.com,http://www.touchbhutantravel.com,touch-bhutan-travel,Thimphu,https://services.bhutan.travel/search/tour-operator/touch-bhutan-travel
1462,Ace Happiness Travel,+975 16113890,info@acehappiness.bt,http://acehappiness.bt,ace-happiness-travel,Thimphu,https://services.bhutan.travel/search/tour-operator/ace-happiness-travel
293,Wing Trip Tour and Trek,+975 17982556,sanendup@gmail.com,http://www.wingtriptravel.com.bt,wing-trip-tour-and-trek,Thimphu,https://services.bhutan.travel/search/tour-operator/wing-trip-tour-and-trek
60,Bhutan Tours and Travels,+975 77651980,info@bhutantoursandtravels.com,http://bhutantoursandtravels.com,bhutan-tours-and-travels,Thimphu,https://services.bhutan.travel/search/tour-operator/bhutan-tours-and-travels
635,Norbu Bhutan Travel Pve Ltd,+975 17140164,pemawangmo@norbubhutan.com,http://www.norbubhutan.com,norbu-bhutan-travel-pve-ltd,Thimphu,https://services.bhutan.travel/search/tour-operator/norbu-bhutan-travel-pve-ltd
1037,Lhalam Tours,+975 77177000,lhalam.toursandtravels@gmail.com,http://lhalamtoursandtravels.com,lhalam-tours,Thimphu,https://services.bhutan.travel/search/tour-operator/lhalam-tours
1431,Chazan Tours and Travel,+975 17983848,nzangpo2@icloud.com,http://Chazantravel.com,chazan-tours-and-travel,Thimphu,https://services.bhutan.travel/search/tour-operator/chazan-tours-and-travel
593,Jewels of The Dragon Tours & Adventure,+975 17998585,tsire778585@gmail.com,http://www.jewelsdragon.com,jewels-of-the-dragon-tours-adventure,Thimphu,https://services.bhutan.travel/search/tour-operator/jewels-of-the-dragon-tours-adventure
344,Yumka Travels,+975 17835759,yumkatravels@gmail.com,http://www.yumkatravels.com,yumka-travels,Thimphu,https://services.bhutan.travel/search/tour-operator/yumka-travels
1059,Maeyangtours tours and travel,+975 17847662,info@maeyangtours.com,http://Www.maeyangtours.com,maeyangtours-tours-and-travel,Thimphu,https://services.bhutan.travel/search/tour-operator/maeyangtours-tours-and-travel
78,Asia Valleys Tours & Travels,+975 17171610,asiavalleystravels@gmail.com,http://www.asiavalleystravels.com/,asia-valleys-tours-travels,Thimphu,https://services.bhutan.travel/search/tour-operator/asia-valleys-tours-travels
494,BELLA BHUTAN VISTA TOURS,+975 17640515,bellabhutanvista@gmail.com,http://bhutanbellavista.com/,bella-bhutan-vista-tours,Thimphu,https://services.bhutan.travel/search/tour-operator/bella-bhutan-vista-tours
1189,shekinah glory travels,+975 17477507,info@shekinahglorytravel.com,http://shekinahglorytravel.com,shekinah-glory-travels,Thimphu,https://services.bhutan.travel/search/tour-operator/shekinah-glory-travels
1347,Himalayan Echoes,+975 17111716,hello@himalayanechoes.travel,http://himalayanechoes.travel,himalayan-echoes,Thimphu,https://services.bhutan.travel/search/tour-operator/himalayan-echoes
508,Ideal Travel Creations,+975 17124946,idealtravelcreations@gmail.com,http://www.idealtravelcreations.bt,ideal-travel-creations,Thimphu,https://services.bhutan.travel/search/tour-operator/ideal-travel-creations
134,Journey2shangrila,+975 17775271,journeytoshangrila@gmail.com,http://www.journey2shangrila.com,journey2shangrila,Thimphu,https://services.bhutan.travel/search/tour-operator/journey2shangrila
448,Heavenly Bhutan Travels,+975 17617107,info@heavenlybhutan.com,http://heavenlybhutan.com,heavenly-bhutan-travels,Thimphu,https://services.bhutan.travel/search/tour-operator/heavenly-bhutan-travels
570,Vacation Venture Tours,+975 77687208,vacationventuretour56@gmail.com,http://www.vacationventuretour.com,vacation-venture-tours,Thimphu,https://services.bhutan.travel/search/tour-operator/vacation-venture-tours
791,Lhomen Tours & Trekking,+975 77441030,www.lhomen@gmail.com,http://www.lhomen.com.bt,lhomen-tours-trekking,Thimphu,https://services.bhutan.travel/search/tour-operator/lhomen-tours-trekking
785,Bhutan Raewa Travels,+975 17643164,bhutanraewatravels@gmail.com,http://www.bhutanraewatravels.com,bhutan-raewa-travels,Thimphu,https://services.bhutan.travel/search/tour-operator/bhutan-raewa-travels
1519,Blissful Odyssey Travel,+975 17920471,blissfulodysseytravel@gmail.com,http://www.blissfulodysseytravel.com,blissful-odyssey-travel,Thimphu,https://services.bhutan.travel/search/tour-operator/blissful-odyssey-travel
1058,Sokshing Travel,+975 77980203,sokshingtravel@gmail.com,http://www.sokshingtravel.com,sokshing-travel,Thimphu,https://services.bhutan.travel/search/tour-operator/sokshing-travel
1367,Phallusworldtours,+975 77879785,phallusworldtour@gmail.com,http://www.phallusworldtours.com,phallusworldtours,Thimphu,https://services.bhutan.travel/search/tour-operator/phallusworldtours
1071,Gyuma Tours and Travel,+975 17815980,info@gyumatoursandtravel.com,http://gyumatoursandtravel.com,gyuma-tours-and-travel,Thimphu,https://services.bhutan.travel/search/tour-operator/gyuma-tours-and-travel
751,Recess Bhutan Tours,+975 17614829,info@recessbhutantours.com,http://www.recessbhutantours.com,recess-bhutan-tours,Thimphu,https://services.bhutan.travel/search/tour-operator/recess-bhutan-tours
702,Bhutan Lhayi Zeydhan Tours and Travels,+975 77755933,blzbhutantours@gmail.com,http://www.blzbhutantours.com,bhutan-lhayi-zeydhan-tours-and-travels,Thimphu,https://services.bhutan.travel/search/tour-operator/bhutan-lhayi-zeydhan-tours-and-travels
850,Bigfoot Tours and Treks,+975 17171273,bigfoottours24@gmail.com,http://www.bhutanbigfoot.com,bigfoot-tours-and-treks,Thimphu,https://services.bhutan.travel/search/tour-operator/bigfoot-tours-and-treks
1291,MINDFUL HAPPINESS TRAVEL,+975 17794088,mindfulhappinesstravel@gmail.com,http://mindfulhappinesstravel.com,mindful-happiness-travel,Thimphu,https://services.bhutan.travel/search/tour-operator/mindful-happiness-travel
1610,INSIDESHANGRILA,+975 17332946,dechentshering8@gmail.com,http://www.insideshangri-la.com,insideshangrila,Thimphu,https://services.bhutan.travel/search/tour-operator/insideshangrila
750,Drukins Tours And Treks,+975 17900585,drukinstoursandtreks@gmail.com,http://drukinsbhutan.com,drukins-tours-and-treks,Thimphu,https://services.bhutan.travel/search/tour-operator/drukins-tours-and-treks
1459,Prestige Travel,+975 17744461,prestigetravelbhutan@gmail.com,http://prestigetravelbhutan.com,prestige-travel,Thimphu,https://services.bhutan.travel/search/tour-operator/prestige-travel
1586,Ogyen & Co,+975 17311069,hello@ogyen.co,http://ogyen.co,ogyen-co,Thimphu,https://services.bhutan.travel/search/tour-operator/ogyen-co
50,Chen-Ray Travel & Tours,+975 17616597,chenraybhutantravel@gmail.com,http://traveltourtobhutan.com,chen-ray-travel-tours,Thimphu,https://services.bhutan.travel/search/tour-operator/chen-ray-travel-tours
803,Bhutan Outdoors Unlimited,+975 17600076,bouadventures@gmail.com,http://bhutanunlimited.com,bhutan-outdoors-unlimited,Thimphu,https://services.bhutan.travel/search/tour-operator/bhutan-outdoors-unlimited
916,Shangrila Bhutan Tours & Treks,+975 17111011,shangrilabhutan@gmail.com,http://shangrilabhutan.com,shangrila-bhutan-tours-treks,Thimphu,https://services.bhutan.travel/search/tour-operator/shangrila-bhutan-tours-treks
1602,LODHAY TRAVELS & TOUR,+975 17607007,dorjitee959@gmail.com,http://Www.lodhaytt.com,lodhay-travels-tour,Thimphu,https://services.bhutan.travel/search/tour-operator/lodhay-travels-tour
1108,Divine Adventurous Travel,+975 77900912,info.datticketing@gmail.com,http://divineadventurous.com,divine-adventurous-travel,Thimphu,https://services.bhutan.travel/search/tour-operator/divine-adventurous-travel
484,Wangchuk Tours & Treks,+975 17118800,mail@wangchuktours.com,http://www.wangchuktours.com,wangchuk-tours-treks,Thimphu,https://services.bhutan.travel/search/tour-operator/wangchuk-tours-treks
94,Bhutan Zangden Tours and Treks,+975 17127515,bhutanzangdentours@gmail.com,http://www.remotebhutan.com,bhutan-zangden-tours-and-treks,Thimphu,https://services.bhutan.travel/search/tour-operator/bhutan-zangden-tours-and-treks
1106,Wanderlust Expedition,+975 17771787,wanderlustexpd@gmail.com,http://www.wanderslustexpedition.com,wanderlust-expedition,Thimphu,https://services.bhutan.travel/search/tour-operator/wanderlust-expedition
949,Bhutan Best Travel,+975 17161938,info@bhutanbesttravel.com,http://www.bhutanbesttravel.com,bhutan-best-travel,Thimphu,https://services.bhutan.travel/search/tour-operator/bhutan-best-travel
1476,TNP Travel,+975 16127069,tnptravel26@gmail.com,http://www.tnptravel.com,tnp-travel,Thimphu,https://services.bhutan.travel/search/tour-operator/tnp-travel
628,Keys to Bhutan,+975 17118171,ktb975.b2b@gmail.com,http://www.keystobhutan.com/,keys-to-bhutan,Thimphu,https://services.bhutan.travel/search/tour-operator/keys-to-bhutan
1257,Land of Thunder Dragon Tours and Travel,+975 77419163,lotdtourstravel77@gmail.com,http://www.whereisbhutan.com,land-of-thunder-dragon-tours-and-travel,Thimphu,https://services.bhutan.travel/search/tour-operator/land-of-thunder-dragon-tours-and-travel
1230,Himalayan Mystique Adventures & Holidays,+975 77933676,himalayanmystique.travel@gmail.com,http://himalayanmystique.com,himalayan-mystique-adventures-holidays,Thimphu,https://services.bhutan.travel/search/tour-operator/himalayan-mystique-adventures-holidays
1368,Chhophel Dream Trips,+975 77141118,chhophel.tours@gmail.com,https://www.chhopheltrips.com,chhophel-dream-trips,Thimphu,https://services.bhutan.travel/search/tour-operator/chhophel-dream-trips
1085,Born Explorer,+975 17999315,tandinwma@gmail.com,http://www.ecobhutanadventures.com,born-explorer,Thimphu,https://services.bhutan.travel/search/tour-operator/born-explorer
1581,Tours of Chilli and Tales,+975 17952188,happychilliandtales@gmail,http://www.chilliandtales.com/,tours-of-chilli-and-tales,Thimphu,https://services.bhutan.travel/search/tour-operator/tours-of-chilli-and-tales
928,Bhutan-Bhutan Travel,+975 17113936,info@bhutan-bhutan.com,http://www.bhutan-bhutan.com,bhutan-bhutan-travel,Thimphu,https://services.bhutan.travel/search/tour-operator/bhutan-bhutan-travel
903,Bridge To Bhutan,+975 77207220,info@bridgetobhutan.com,http://www.bridgetobhutan.com,bridge-to-bhutan,Thimphu,https://services.bhutan.travel/search/tour-operator/bridge-to-bhutan
1575,Behind The Scenes,+975 77623821,sonamloday1983@gmail.com,http://bhutanbts.com,behind-the-scenes,Thimphu,https://services.bhutan.travel/search/tour-operator/behind-the-scenes
1573,Tse Tours and Travel,+975 17119900,tsetoursandtravel@gmail.com,http://tsetravels.com,tse-tours-and-travel,Thimphu,https://services.bhutan.travel/search/tour-operator/tse-tours-and-travel
1509,Himalaya Pathway,+975 17672570,lotaay@gmail.com,http://himalayapathway.com/webmail,himalaya-pathway,Thimphu,https://services.bhutan.travel/search/tour-operator/himalaya-pathway
302,Kuenshey Tours and Trek,+975 77105571,kuensheytours@gmail.com,http://www.kuensheytours.com,kuenshey-tours-and-trek,Thimphu,https://services.bhutan.travel/search/tour-operator/kuenshey-tours-and-trek
952,Bhutan Himalayan Holidays,+975 17111964,tshewang.penjor@gmail.com,http://bhutanculturaltravel.com,bhutan-himalayan-holidays,Thimphu,https://services.bhutan.travel/search/tour-operator/bhutan-himalayan-holidays
1475,Pureland Travel Quest,+975 77309614,infobhutanquest@gmail.com,http://www.bhutanquest.com,pureland-travel-quest,Thimphu,https://services.bhutan.travel/search/tour-operator/pureland-travel-quest
1213,Subba Adventures,+975 77260400,subbaadventures@gmail.com,http://www.subbaadventures.com,subba-adventures,Thimphu,https://services.bhutan.travel/search/tour-operator/subba-adventures
66,Bhutan Travel Adventures,+975 17117793,info@bhutantraveladventures.com,http://www.bhutantraveladventures.com,bhutan-travel-adventures,Thimphu,https://services.bhutan.travel/search/tour-operator/bhutan-travel-adventures
1008,Yatara Adventure,+975 17628813,bhutantravelpackage@gmail.com,http://www.bhutantravelpackage.com,yatara-adventure,Thimphu,https://services.bhutan.travel/search/tour-operator/yatara-adventure
109,Bhutan DMC,+975 77107844,info@dmcofbhutan.com,https://www.dmcofbhutan.com,bhutan-dmc,Thimphu,https://services.bhutan.travel/search/tour-operator/bhutan-dmc
70,Dzamling Gawa Tours and Travel,+975 16158307,dzimlinggawa@gmail.com,http://dzamlinggawatours.com,dzamling-gawa-tours-and-travel,Thimphu,https://services.bhutan.travel/search/tour-operator/dzamling-gawa-tours-and-travel
52,Evergreen Sojourn,+975 77310720,evergreensojourn@gmail.com,http://www.evergreensojourn.com,evergreen-sojourn,Thimphu,https://services.bhutan.travel/search/tour-operator/evergreen-sojourn
1569,All Nations Adventures,+975 17551221,allnationsadventuresbtn@gmail.com,http://allnationsadventures.com,all-nations-adventures,Thimphu,https://services.bhutan.travel/search/tour-operator/all-nations-adventures
129,Bhutan Travel Guru,+975 77615269,info@bhutantravelguru.com,http://www.bhutantravelguru.com,bhutan-travel-guru,Thimphu,https://services.bhutan.travel/search/tour-operator/bhutan-travel-guru
904,Lumo Tour and Travel,+975 17718795,lumott2016@gmail.com,http://www.bhutanlumotours.com/,lumo-tour-and-travel,Thimphu,https://services.bhutan.travel/search/tour-operator/lumo-tour-and-travel
74,Jigme Expeditions,+975 17110900,info@jigmeexpeditions.com,http://www.jigmeexpeditions.com,jigme-expeditions,Thimphu,https://services.bhutan.travel/search/tour-operator/jigme-expeditions
1499,Bhutan Mystical Tours & Adventures,+975 17756923,bhutanmysticaltours@gmail.com,http://bhutanmystical.com,bhutan-mystical-tours-adventures,Thimphu,https://services.bhutan.travel/search/tour-operator/bhutan-mystical-tours-adventures
1607,Asia Odyssey Travel,+975 77112888,service@asiaodysseytravel.com,http://www.bhutantrip.com,asia-odyssey-travel,Thimphu,https://services.bhutan.travel/search/tour-operator/asia-odyssey-travel
587,Bhutan Impact Travels,+975 77796844,pemyang@bpvbhutan.com,http://www.bpvbhutan.com/bhutan-impact-travels,bhutan-impact-travels,Thimphu,https://services.bhutan.travel/search/tour-operator/bhutan-impact-travels
1603,Mystic Dragon,+975 17587471,mysticdragontoursandtravel26@gmail.com,http://mysticdragontoursandtravels.com,mystic-dragon,Thimphu,https://services.bhutan.travel/search/tour-operator/mystic-dragon
962,Gateway to Exotic Himalayas,+975 17627178,officegteh@gmail.com,http://www.gwteh.com,gateway-to-exotic-himalayas,Thimphu,https://services.bhutan.travel/search/tour-operator/gateway-to-exotic-himalayas
1168,HimaQuest Tours,+975 17172022,himaquesttours@gmail.com,http://himaquesttours.com,himaquest-tours,Thimphu,https://services.bhutan.travel/search/tour-operator/himaquest-tours
116,Bhutan Delight Tours & Treks,+975 17656440,bhutandelight@mail.com,http://bhutandelight.com,bhutan-delight-tours-treks,Thimphu,https://services.bhutan.travel/search/tour-operator/bhutan-delight-tours-treks
743,White Umbrella Tours,+975 77331613,phuentshowhiteu@gmail.com,https://wangdi.ru,white-umbrella-tours,Thimphu,https://services.bhutan.travel/search/tour-operator/white-umbrella-tours
133,Little Planet Excursion,+975 17708108,gakigatshel@gmail.com,http://littleplanetexcursion.com,little-planet-excursion,Thimphu,https://services.bhutan.travel/search/tour-operator/little-planet-excursion
1187,Travel More,+975 17236237,travelmorebhutan@gmail.com,http://www.travelmorebhutan.com,travel-more,Thimphu,https://services.bhutan.travel/search/tour-operator/travel-more
1667,unknown himalayas tours and treks,+975 16168313,contact@himalayas.com,http://unknownhimalayas.com,unknown-himalayas-tours-and-treks,Thimphu,https://services.bhutan.travel/search/tour-operator/unknown-himalayas-tours-and-treks
981,Bhutan Majestic Travel,+975 17111095,info@bhutanmajestictravel.com,http://www.bhutanmajestictravel.com,bhutan-majestic-travel,Thimphu,https://services.bhutan.travel/search/tour-operator/bhutan-majestic-travel
1402,NTS Tour and Travels,+975 77208086,ntstourtravels2025@gmail.com,http://www.ntsbhutan.com,nts-tour-and-travels,Thimphu,https://services.bhutan.travel/search/tour-operator/nts-tour-and-travels
807,Tall Pines,+975 17164692,tallpinesbhutan@gmail.com,http://www.tallpinesbhutan.com,tall-pines,Thimphu,https://services.bhutan.travel/search/tour-operator/tall-pines
717,Bhutan Leading Travel,+975 77209888,bhutanleadingtravel@gmail.com,http://www.bhutanleadingtravel.com,bhutan-leading-travel,Thimphu,https://services.bhutan.travel/search/tour-operator/bhutan-leading-travel
1370,Maya Himalaya Travels,+975 17233434,mayahimalayan@gmail.com,http://www.mayahimalaya.com/,maya-himalaya-travels,Thimphu,https://services.bhutan.travel/search/tour-operator/maya-himalaya-travels
1076,Happy Getaway tours & travel,+975 77857954,bhutanhappygetaway@gmail.com,http://www.happygetawaytravel.com,happy-getaway-tours-travel,Thimphu,https://services.bhutan.travel/search/tour-operator/happy-getaway-tours-travel
531,Mindful Explorers,+975 17170455,mindfulexplorersbhutan@gmail.com,http://www.mindfulexplorers.bt/index.html,mindful-explorers,Thimphu,https://services.bhutan.travel/search/tour-operator/mindful-explorers
1041,Accomplish Bhutan,+975 17714477,accomplishbhutan@gmail.com,http://www.bhutanaccomplish.com/,accomplish-bhutan,Thimphu,https://services.bhutan.travel/search/tour-operator/accomplish-bhutan
1516,Wanderlust  Culture and Adventure Tours,+975 17999505,lhadonsonam49@gmail.com,http://wanderlustcultureadventures.com,wanderlust-culture-and-adventure-tours,Thimphu,https://services.bhutan.travel/search/tour-operator/wanderlust-culture-and-adventure-tours
1316,All Bhutan Connection,+975 17110866,tshering.dhendup@abc.com.bt,http://www.abc.com.bt,all-bhutan-connection,Thimphu,https://services.bhutan.travel/search/tour-operator/all-bhutan-connection
647,Choden Tours and Treks,+975 77836844,yeshichoden4@gmail.com,http://Www.chodenbhutan.com,choden-tours-and-treks,Thimphu,https://services.bhutan.travel/search/tour-operator/choden-tours-and-treks
1656,Unseen Himalayas,+975 16168893,unseenhimalayasbhutan@gmail.com,http://www.theunseenhimalayas.com/,unseen-himalayas,Thimphu,https://services.bhutan.travel/search/tour-operator/unseen-himalayas
742,The Great Himlayan Explorer,+975 17523905,thegreathimalayanexplorer@gmail.com,http://www.tghexplorer.com/,the-great-himlayan-explorer,Thimphu,https://services.bhutan.travel/search/tour-operator/the-great-himlayan-explorer
418,Bhutan Nyinzer Expeditions,+975 17111590,bhutannyinzer@gmail.com,http://www.vacationsinbhutan.com,bhutan-nyinzer-expeditions,Thimphu,https://services.bhutan.travel/search/tour-operator/bhutan-nyinzer-expeditions
23,YANA Expeditions,+975 17119779,reservation@yanatravel.com,http://yanatravel.com,yana-expeditions,Thimphu,https://services.bhutan.travel/search/tour-operator/yana-expeditions
1241,Bhutan Lilly Travels,+975 77107524,bhutanlillytravels@gmail.com,http://www.bhutanlillytravels.com,bhutan-lilly-travels,Thimphu,https://services.bhutan.travel/search/tour-operator/bhutan-lilly-travels
1272,Golden Gate Tour and Treks,+975 17188101,goldengate.bhutan@gmail.com,http://bhutangoldengate.com/,golden-gate-tour-and-treks,Thimphu,https://services.bhutan.travel/search/tour-operator/golden-gate-tour-and-treks
414,Karmay Tours,+975 17113689,info@karmaytours.com,http://www.karmaytours.com,karmay-tours,Thimphu,https://services.bhutan.travel/search/tour-operator/karmay-tours
918,Good Care Tours,+975 17491602,bhutangoodcare@gmail.com,http://www.bhutangoodcare.com,good-care-tours,Thimphu,https://services.bhutan.travel/search/tour-operator/good-care-tours
1558,LumaPath,+975 77256036,kinleyom01@gmail.com,http://lumapth.mystrikingly.com,lumapath,Thimphu,https://services.bhutan.travel/search/tour-operator/lumapath
340,Blue Poppy Tours & Treks,+975 17181818,choki@bluepoppybhutan.com,http://www.bluepoppybhutan.com,blue-poppy-tours-treks,Thimphu,https://services.bhutan.travel/search/tour-operator/blue-poppy-tours-treks
607,Bhutan Land of happiness Tours,+975 17377777,bhutanlhtours@gmail.com,http://www.bhutanlhtours.com,bhutan-land-of-happiness-tours,Thimphu,https://services.bhutan.travel/search/tour-operator/bhutan-land-of-happiness-tours
728,Bhutan Travel Service,+975 17110010,info@bhutantravel.com.bt,http://www.bhutantravel.com.bt,bhutan-travel-service,Thimphu,https://services.bhutan.travel/search/tour-operator/bhutan-travel-service
959,RJD,+975 77754222,rjdtours@gmail.com,http://www.rjd.com,rjd,Thimphu,https://services.bhutan.travel/search/tour-operator/rjd
624,"Design for you, Tours and Travels",+975 17616838,laqzialdorji@gmail.com,http://designedforyoubhutan.com,design-for-you-tours-and-travels,Thimphu,https://services.bhutan.travel/search/tour-operator/design-for-you-tours-and-travels
1640,Gerab Tours and Treks,+975 16104550,hello@gerabtoursandtreks.bt,http://www.gerabtoursandtreks.bt,gerab-tours-and-treks,Thimphu,https://services.bhutan.travel/search/tour-operator/gerab-tours-and-treks
591,Journey to the South,+975 17601804,info@journeytts.com,http://journeytts.com,journey-to-the-south,Thimphu,https://services.bhutan.travel/search/tour-operator/journey-to-the-south
1012,Bhutan Travel Coordinator,+975 77712127,btcordinator@gmail.com,http://www.bhutantravelcoordinator.com,bhutan-travel-coordinator,Thimphu,https://services.bhutan.travel/search/tour-operator/bhutan-travel-coordinator
595,Rural Heritage Bhutan,+975 17113615,opsandres@ruralheritagebhutan.com,http://www.ruralheritagebhutan.com,rural-heritage-bhutan,Thimphu,https://services.bhutan.travel/search/tour-operator/rural-heritage-bhutan
1264,Happy Place Expedition,+975 17959897,happyplacebhutan@gmail.com,http://happyplaceexpedition.com/,happy-place-expedition,Thimphu,https://services.bhutan.travel/search/tour-operator/happy-place-expedition
1620,Khala Mebar Tours & Trek,+975 17111137,khalamebar@gmail.com,http://www.khalamebar.com,khala-mebar-tours-trek,Thimphu,https://services.bhutan.travel/search/tour-operator/khala-mebar-tours-trek
752,Bhutan Holiday Planner,+975 17608328,info@bhutanholidayplanner.com,https://www.bhutanholidayplanner.com,bhutan-holiday-planner,Thimphu,https://services.bhutan.travel/search/tour-operator/bhutan-holiday-planner
1349,Ultimate Botan Travel,+975 17171566,info@ultimatebhutantravel.com,http://ultimatebhutantravel.com,ultimate-botan-travel,Thimphu,https://services.bhutan.travel/search/tour-operator/ultimate-botan-travel
1148,Discovery Bhutan Inc.,+975 17116560,info@discoverbhutan.com,http://www.discoverybhutan.com,discovery-bhutan-inc,Thimphu,https://services.bhutan.travel/search/tour-operator/discovery-bhutan-inc
590,Misty Mountains Tours and Treks,+975 17110098,mistymountainstoursandtreks16@gmail.com,http://bhutanmistymountaintours.com,misty-mountains-tours-and-treks,Thimphu,https://services.bhutan.travel/search/tour-operator/misty-mountains-tours-and-treks
1031,Bhutan Flower Tours and Treks,+975 77737319,bhutanflowertour@gmail.com,http://www.bhutanflowertour.bt,bhutan-flower-tours-and-treks,Thimphu,https://services.bhutan.travel/search/tour-operator/bhutan-flower-tours-and-treks
900,Bhutan GBS Tours and Travel,+975 17856088,bhutangbs@gmail.com,http://www.bhutangbstours.com,bhutan-gbs-tours-and-travel,Thimphu,https://services.bhutan.travel/search/tour-operator/bhutan-gbs-tours-and-travel
1547,Apala Travels & Adventures,+975 17575888,apalatravels289@gmail.com,http://www.apalatravels.com,apala-travels-adventures,Thimphu,https://services.bhutan.travel/search/tour-operator/apala-travels-adventures
648,Bhutan Gateway Travel,+975 17117212,info@bhutangateway.com,http://www.bhutangateway.com,bhutan-gateway-travel,Thimphu,https://services.bhutan.travel/search/tour-operator/bhutan-gateway-travel
291,Druk Forever Son Tours & Treks,+975 17635633,nbidha2022@gmail.com,http://www.bhutandrukforever.com/,druk-forever-son-tours-treks,Thimphu,https://services.bhutan.travel/search/tour-operator/druk-forever-son-tours-treks
1317,Wonderful Expeditions,+975 17848477,wonderfulexpeditions@gmail.com,http://wonderfulexpeditions.com,wonderful-expeditions,Thimphu,https://services.bhutan.travel/search/tour-operator/wonderful-expeditions
1086,Happiest Country Tours,+975 77463636,info@happiestcountrytours.com,http://happiestcountrytours.com,happiest-country-tours,Thimphu,https://services.bhutan.travel/search/tour-operator/happiest-country-tours
1460,Bhutan Jasmine Tours,+975 17115008,choniome@gmail.com,http://www.bhutanjasmine.com,bhutan-jasmine-tours,Thimphu,https://services.bhutan.travel/search/tour-operator/bhutan-jasmine-tours
348,Illuminating Tours,+975 17112426,illuminatingtours@gmail.com,http://www.illuminatingtoursbhutan.com,illuminating-tours,Thimphu,https://services.bhutan.travel/search/tour-operator/illuminating-tours
661,Rinchen Tours & Travels,+975 17652608,rinchentourstreks@gmail.com,http://www.bhutanrinchentours.com,rinchen-tours-travels,Thimphu,https://services.bhutan.travel/search/tour-operator/rinchen-tours-travels
580,Om Travenza Tours,+975 17724383,ombhutan@gmail.com,http://omtravenzabhutan.com,om-travenza-tours,Thimphu,https://services.bhutan.travel/search/tour-operator/om-travenza-tours
1033,Exquisite Bhutan,+975 17573097,info@exquisitebhutan.com,http://exquisitebhutan.com,exquisite-bhutan,Thimphu,https://services.bhutan.travel/search/tour-operator/exquisite-bhutan
53,GET INTO BHUTAN TOURS,+975 17708791,getintobhutan@gmail.com,http://www.getintobhutan.com,get-into-bhutan-tours,Thimphu,https://services.bhutan.travel/search/tour-operator/get-into-bhutan-tours
753,Himalaya Juu Vacations,+975 17956008,himalayajuuvacations@gmail.com,http://www.himalayajuuvacations.com,himalaya-juu-vacations,Thimphu,https://services.bhutan.travel/search/tour-operator/himalaya-juu-vacations
1502,8 Hu TanNess,+975 17344490,888hutanness@gmail.com,http://www.8-hutanness.com,8-hu-tanness,Thimphu,https://services.bhutan.travel/search/tour-operator/8-hu-tanness
816,Simply Bhutan,+975 17684332,bhutan@simplybhutan.com,http://www.simplybhutan.com,simply-bhutan,Thimphu,https://services.bhutan.travel/search/tour-operator/simply-bhutan
907,Bhutan Tshendhen Travel,+975 17629413,bhutantshendhentouragent@gmail.com,http://www.bhutantshendhentouragent.com,bhutan-tshendhen-travel,Thimphu,https://services.bhutan.travel/search/tour-operator/bhutan-tshendhen-travel
724,Rejuvenate tours and travels,+975 17780808,rejuvenatetoursandtravels@gmail.com,http://Rejuvenatetravels.com,rejuvenate-tours-and-travels,Thimphu,https://services.bhutan.travel/search/tour-operator/rejuvenate-tours-and-travels
47,Abide Bhutan Adventure,+975 17725900,abidebtn@gmail.com,http://www.bhutantourtravel.com,abide-bhutan-adventure,Thimphu,https://services.bhutan.travel/search/tour-operator/abide-bhutan-adventure
1615,Asian Tours & Travel,+975 17264802,asiantourstravel057@gmail.com,http://asiantravelbhutan.com,asian-tours-travel,Thimphu,https://services.bhutan.travel/search/tour-operator/asian-tours-travel
1288,Bhutan Frontline Travels,+975 77203848,bhutanfrontlinetravels@gmail.com,http://bhutanfrontlinetravels.com,bhutan-frontline-travels,Thimphu,https://services.bhutan.travel/search/tour-operator/bhutan-frontline-travels
621,SKY Travels,+975 17603836,bhutansky@gmail.com,http://www.bhutanskytravels.com,sky-travels,Thimphu,https://services.bhutan.travel/search/tour-operator/sky-travels
1472,Karma Tours Travel,+975 17271329,karmatourstravel@gmail.com,http://www.karmatourstravel.com,karma-tours-travel,Thimphu,https://services.bhutan.travel/search/tour-operator/karma-tours-travel
1380,Nyen-Dha,+975 17950827,dorjiten020@gmail.com,http://www.nyendhatours.com,nyen-dha,Thimphu,https://services.bhutan.travel/search/tour-operator/nyen-dha
1355,Follow Bhutan Tours and Treks,+975 77442211,followbhutan@gmail.com,http://www.followbhutan.com/,follow-bhutan-tours-and-treks,Thimphu,https://services.bhutan.travel/search/tour-operator/follow-bhutan-tours-and-treks
883,Planet Pulse Tours and Trek,+975 77913666,info@planetbhutantours.com,http://www.planetbhutantours.com,planet-pulse-tours-and-trek,Thimphu,https://services.bhutan.travel/search/tour-operator/planet-pulse-tours-and-trek
1127,Kingdom Tour & Trek,+975 77256770,aogateways@gmail.com,https://kingdomexplore.com/,alpha-omega-gateway,Thimphu,https://services.bhutan.travel/search/tour-operator/alpha-omega-gateway
1321,happy peak tours,+975 17841519,info@happypeaktours.com,https://happypeaktours.com,happy-peak-tours,Thimphu,https://services.bhutan.travel/search/tour-operator/happy-peak-tours
25,TEEM TRAVEL BHUTAN,+975 17391186,ttbhutan7@gmail.com,http://www.teembhutan.com,teem-travel-bhutan,Thimphu,https://services.bhutan.travel/search/tour-operator/teem-travel-bhutan
738,Visit Bhutan Tours and Travels,+975 77282894,visitbhutantravels@gmail.com,http://www.visitbhutantours.com,visit-bhutan-tours-and-travels,Thimphu,https://services.bhutan.travel/search/tour-operator/visit-bhutan-tours-and-travels
347,Drukyul Holidays,+975 17909870,drukyulholidays@gmail.com,http://www.drukyulholidays.com,drukyul-holidays,Thimphu,https://services.bhutan.travel/search/tour-operator/drukyul-holidays
1243,Bhutan Rides,+975 77220499,info@bhutanrides.com,http://bhutanrides.com,bhutan-rides,Thimphu,https://services.bhutan.travel/search/tour-operator/bhutan-rides
312,Big Bhutan Tours,+975 77889325,bigbhutan@gmail.com,http://bigbhutantours.com,big-bhutan-tours,Thimphu,https://services.bhutan.travel/search/tour-operator/big-bhutan-tours
730,Aeko Tours and Treks,+975 77335599,aekotoours@gmail.com,http://www.aekotours.com,aeko-tours-and-treks,Thimphu,https://services.bhutan.travel/search/tour-operator/aeko-tours-and-treks
431,Bhutan Lhayul Tours and Travels,+975 17140911,bhutanlhayul@gmail.com,http://lhayul.com/,bhutan-lhayul-tours-and-travels,Thimphu,https://services.bhutan.travel/search/tour-operator/bhutan-lhayul-tours-and-travels
1006,GoHike Adventures,+975 17349040,gohikeadventures@gmail.com,http://www.gohikeadventures.com,gohike-adventures,Thimphu,https://services.bhutan.travel/search/tour-operator/gohike-adventures
1125,MyVista Tours & Treks,+975 17787805,kelzang@myvistabhutantours.com,http://www.myvistabhutantours.com,myvista-tours-treks,Thimphu,https://services.bhutan.travel/search/tour-operator/myvista-tours-treks
333,Happiness Inside Journey,+975 77952826,happinessinsidejourney@gmail.com,http://happinessinsidejourney.com,happiness-inside-journey,Thimphu,https://services.bhutan.travel/search/tour-operator/happiness-inside-journey
412,Truly Bhutan Travel,+975 17130038,trulybhutantravel@gmail.com,https://trulybhutan.com,truly-bhutan-travel,Thimphu,https://services.bhutan.travel/search/tour-operator/truly-bhutan-travel
563,Bhutan Creative Tours,+975 17333222,info@bct.com.bt,http://www.bhutancreativetour.com,bhutan-creative-tours,Thimphu,https://services.bhutan.travel/search/tour-operator/bhutan-creative-tours
1369,Travel With Indo Shangrila,+975 17170641,info@travelwithindobhutan.com,http://travelwithindobhutan.com/,travel-with-indo-shangrila,Thimphu,https://services.bhutan.travel/search/tour-operator/travel-with-indo-shangrila
1184,Dewa Rabsel Adventure,+975 17944744,dewarabsel@gmail.com,http://www.dewarabsel.com,dewa-rabsel-adventure,Thimphu,https://services.bhutan.travel/search/tour-operator/dewa-rabsel-adventure
820,Blessed Bhutan Adventure,+975 17602313,blessedbhutanadv@gmail.com,http://www.blessedbhutan.com,blessed-bhutan-adventure,Thimphu,https://services.bhutan.travel/search/tour-operator/blessed-bhutan-adventure
95,Snow White treks and tours,+975 17111161,info@snowwhitetours.com.bt,http://www.snowwhitetours.com.bt,snow-white-treks-and-tours,Thimphu,https://services.bhutan.travel/search/tour-operator/snow-white-treks-and-tours
1253,Travelutions,+975 17504077,travelutionsbhutan@gmail.com,http://www.travelutionsbhutan.com,travelutions,Thimphu,https://services.bhutan.travel/search/tour-operator/travelutions
1480,Lhojong Dumra Tours,+975 77360462,yeshiongki16@gmail.com,http://Www.lhojongdumratours.com,lhojong-dumra-tours,Thimphu,https://services.bhutan.travel/search/tour-operator/lhojong-dumra-tours
438,ManiBata Tours & Travels,+975 17804162,urinzin2012@gmail.com,http://manibatatours.com,manibata-tours-travels,Thimphu,https://services.bhutan.travel/search/tour-operator/manibata-tours-travels
697,Kuzu Bhutan Travel,+975 17730998,kuzubhutantravel@gmail.com,http://www.kuzubhutantravels.com,kuzu-bhutan-travel,Thimphu,https://services.bhutan.travel/search/tour-operator/kuzu-bhutan-travel
1649,Happy Trips,+975 77884141,happytrips.bhutan@gmail.com,http://happytripsbhutan.com/,happy-trips,Thimphu,https://services.bhutan.travel/search/tour-operator/happy-trips
910,Bhutan Expert Travels,+975 17119392,bhutanexperttravels@gmail.com,http://www.bhutanexpert.com,bhutan-expert-travels,Thimphu,https://services.bhutan.travel/search/tour-operator/bhutan-expert-travels
1385,Viaggio Anima Himalaya,+975 17578625,viaggioanimahimalaya@gmail.com,http://viaggioanimahimalaya.com,viaggio-anima-himalaya,Thimphu,https://services.bhutan.travel/search/tour-operator/viaggio-anima-himalaya
103,Ing Travel Company,+975 17110321,info@ingtravelco.com,http://www.ingtravelco.com,ing-travel-company,Thimphu,https://services.bhutan.travel/search/tour-operator/ing-travel-company
769,Trekking In Bhutan,+975 77845366,sales@trekking-in-bhutan.com,http://www.trekking-in-bhutan.com,trekking-in-bhutan,Thimphu,https://services.bhutan.travel/search/tour-operator/trekking-in-bhutan
470,Bhutan Dendrobium Tour & Trek,+975 17609354,bhutandendrobium@gmail.com,http://www.bhutandendrobium.com/,bhutan-dendrobium-tour-trek,Thimphu,https://services.bhutan.travel/search/tour-operator/bhutan-dendrobium-tour-trek
967,Kanying Networking Tours And Travels,+975 17407293,kanying1020@gmail.com,http://www.kanyingtours.com,kanying-networking-tours-and-travels,Thimphu,https://services.bhutan.travel/search/tour-operator/kanying-networking-tours-and-travels
441,Purely Bhutan,+975 77385842,info@purelybhutan.com,http://purelybhutan.com,purely-bhutan,Thimphu,https://services.bhutan.travel/search/tour-operator/purely-bhutan
300,BHUTAN MIND VACATION TOURS,+975 77636226,mindvacationtoursbhutan@gmail.com,http://www.bhutanmindvacation.com,bhutan-mind-vacation-tours,Thimphu,https://services.bhutan.travel/search/tour-operator/bhutan-mind-vacation-tours
1508,Skine Travels,+975 77718524,funsogelsen@gmail.com,http://skinetravels.com,skine-travels,Thimphu,https://services.bhutan.travel/search/tour-operator/skine-travels
75,AB Travel,+975 17117304,pwangchu@gmail.com,https://www.bhutantraveltourism.com,ab-travel,Thimphu,https://services.bhutan.travel/search/tour-operator/ab-travel
1275,Travel to Happiness,+975 77726229,kddtoursandtravel@gmail.com,http://www.kddtoursandtravel.com,travel-to-happiness,Thimphu,https://services.bhutan.travel/search/tour-operator/travel-to-happiness
860,Lotus Adventures Bhutan,+975 17110005,zikhatobgay@gmail.com,http://Bhutanlotus.com,lotus-adventures-bhutan,Thimphu,https://services.bhutan.travel/search/tour-operator/lotus-adventures-bhutan
514,CAT Bhutan Tours and Treks,+975 17606363,catbhutan@gmail.com,http://www.catbhutan.com,cat-bhutan-tours-and-treks,Thimphu,https://services.bhutan.travel/search/tour-operator/cat-bhutan-tours-and-treks
1262,Bhutan GNH Heritage Travel,+975 17615474,bhutangnhheritage@gmail.com,http://www.bhutangnhtravels.com,bhutan-gnh-heritage-travel,Thimphu,https://services.bhutan.travel/search/tour-operator/bhutan-gnh-heritage-travel
994,Bhutanization Service (Travel Agent),+975 17623770,bhutanizationservice@gmail.com,http://bhutanizationservice.com,bhutanization-service-travel-agent,Thimphu,https://services.bhutan.travel/search/tour-operator/bhutanization-service-travel-agent
536,Global Touch Expedition,+975 17944134,info@touchbhutan.com,http://www.touchbhutan.com,global-touch-expedition,Thimphu,https://services.bhutan.travel/search/tour-operator/global-touch-expedition
319,NUGO BHUTAN,+975 77867776,nugobhutan12@gmail.com,http://www.nugobhutan.com,nugo-bhutan,Thimphu,https://services.bhutan.travel/search/tour-operator/nugo-bhutan
543,AD Tours & Travel,+975 17351324,adbhutantours@gmail.com,http://www.adbhutantours.com,ad-tours-travel,Thimphu,https://services.bhutan.travel/search/tour-operator/ad-tours-travel
1188,Winsome Dragon Travels,+975 77470808,bhutanwinsome@gmail.com,http://bhutanwinsome.com,winsome-dragon-travels,Thimphu,https://services.bhutan.travel/search/tour-operator/winsome-dragon-travels
1546,Golden Dragon Travel,+975 77111727,gdtbhutan@gmail.com,http://www.gdtbhutan.com,golden-dragon-travel,Thimphu,https://services.bhutan.travel/search/tour-operator/golden-dragon-travel
510,Ambrosia Bhutan Travels,+975 17607304,bhutanambrosia@gmail.com,http://bhutanambrosia.com,ambrosia-bhutan-travels,Thimphu,https://services.bhutan.travel/search/tour-operator/ambrosia-bhutan-travels
21,Bhutan Maitreya Tusita Travel,+975 77113397,bhutanmaitreya2017@gmail.com,http://www.bhutanmaitreya.com,bhutan-maitreya-tusita-travel,Thimphu,https://services.bhutan.travel/search/tour-operator/bhutan-maitreya-tusita-travel
1305,Etho Metho Tours & Treks,+975 17126006,karma@ethometho.com.bt,http://www.bhutanethometho.com/,etho-metho-tours-treks,Thimphu,https://services.bhutan.travel/search/tour-operator/etho-metho-tours-treks
1111,SD Travel,+975 17726912,info@sdconsultant.com.au,http://www.travel.sdconsultant.com.au,sd-travel,Thimphu,https://services.bhutan.travel/search/tour-operator/sd-travel
726,Liberty Bhutan Tours,+975 17436900,info.libertybhutan@gmail.com,http://libertybhutantours.com,liberty-bhutan-tours,Thimphu,https://services.bhutan.travel/search/tour-operator/liberty-bhutan-tours
1154,Dragonways,+975 17522781,dragonwaysbhutan@gmail.com,http://www.dragonways.bt,dragonways,Thimphu,https://services.bhutan.travel/search/tour-operator/dragonways
1190,Bhutan Expeditions,+975 17110888,tsewangnidup@yahoo.com,http://bhutanexpeditions.bt,bhutan-expeditions,Thimphu,https://services.bhutan.travel/search/tour-operator/bhutan-expeditions
1092,Ara Tours and Treks,+975 17113310,aratoursandtreks@gmail.bt,http://www.ara.bt,ara-tours-and-treks,Thimphu,https://services.bhutan.travel/search/tour-operator/ara-tours-and-treks
609,Bhutan Karma Trails,+975 77174087,sonam.jamtso@bhutankarmatrails.com,http://www.bhutankarmatrails.com,bhutan-karma-trails,Thimphu,https://services.bhutan.travel/search/tour-operator/bhutan-karma-trails
1389,Tamyig Journeys,+975 17523151,deeongmoo10@gmail.com,http://www.tamyig.com/#about,tamyig-journeys,Thimphu,https://services.bhutan.travel/search/tour-operator/tamyig-journeys
83,4 Seasons Adventure- Bhutan,+975 17750880,info.4seasonsadventure@gmail.com,http://www.4seasonsadventure.com,4-seasons-adventure-bhutan,Thimphu,https://services.bhutan.travel/search/tour-operator/4-seasons-adventure-bhutan
920,The Hoppers Adventure,+975 17965187,thehoppersadventure@gmail.com,http://thehoppersadventurecom,the-hoppers-adventure,Thimphu,https://services.bhutan.travel/search/tour-operator/the-hoppers-adventure
1356,Bhutan Rila Expeditions,+975 17117611,bhutanrila1@gmail.com,http://www.bhutanrila.com,bhutan-rila-expeditions,Thimphu,https://services.bhutan.travel/search/tour-operator/bhutan-rila-expeditions
806,Bhutan Omkara Tours And Travels,+975 17307500,bhutanomkaratravels@gmail.com,http://www.bhutantripsandtreks.com,bhutan-omkara-tours-and-travels,Thimphu,https://services.bhutan.travel/search/tour-operator/bhutan-omkara-tours-and-travels
710,Unveilinghappiness Tours and Treks,+975 17931005,unveilinghappiness@gmail.com,http://www.unveilinghappiness.com,unveilinghappiness-tours-and-treks,Thimphu,https://services.bhutan.travel/search/tour-operator/unveilinghappiness-tours-and-treks
1180,Jetsuniae Tour and Travels,+975 77966668,jetsuniaetravels@gmail.com,http://www.jetsuniaetravels.com,jetsuniae-tour-and-travels,Thimphu,https://services.bhutan.travel/search/tour-operator/jetsuniae-tour-and-travels
36,Bhutan Acorn Tours & Travel,+975 77655137,info@bhutanacorn.com,http://www.bhutan-acorn.com,bhutan-acorn-tours-travel,Thimphu,https://services.bhutan.travel/search/tour-operator/bhutan-acorn-tours-travel
523,Dhamma Tours,+975 77390576,dhammatours5@gmail.com,http://www.dhammatoursbt.com,dhamma-tours,Thimphu,https://services.bhutan.travel/search/tour-operator/dhamma-tours
518,Joyful Journeys,+975 17608252,info@bhutanjoyfuljourneys.com,http://bhutanjoyfuljourneys.com,joyful-journeys,Thimphu,https://services.bhutan.travel/search/tour-operator/joyful-journeys
1013,Bhutan Sweet Memories Tours and Treks,+975 77280823,bhutansweetmemories@gmail.com,http://www.bhutansmtours.com,bhutan-sweet-memories-tours-and-treks,Thimphu,https://services.bhutan.travel/search/tour-operator/bhutan-sweet-memories-tours-and-treks
1250,Nature Nest Travel,+975 17425127,llhazin@gmail.com,http://naturenesttravels.com,nature-nest-travel,Thimphu,https://services.bhutan.travel/search/tour-operator/nature-nest-travel
583,Bhutan Tourism Corporation Ltd,+975 17116313,operation@btclgroup.com,http://btcl.bt,bhutan-tourism-corporation-ltd,Thimphu,https://services.bhutan.travel/search/tour-operator/bhutan-tourism-corporation-ltd
437,atsara tours,+975 77767393,info@atsaratours.com,http://www.atsaratours.com,atsara-tours,Thimphu,https://services.bhutan.travel/search/tour-operator/atsara-tours
1417,Manifest B' Expeditions,+975 77961648,travel@manifestbhutan.com,https://manifestbhutan.com,manifest-b-expeditions,Thimphu,https://services.bhutan.travel/search/tour-operator/manifest-b-expeditions
1103,Ema Datshi Tours,+975 17655152,emadatshitours@gmail.com,http://www.emadatshitours.com,ema-datshi-tours,Thimphu,https://services.bhutan.travel/search/tour-operator/ema-datshi-tours
1562,mystic Tours & Travels,+975 77290489,kezang@mystic-bhutan.com,http://www.mystic-bhutan.com,mystic-tours-travels,Thimphu,https://services.bhutan.travel/search/tour-operator/mystic-tours-travels
812,Rimso Travels and Ticketing,+975 77217447,bhutanrimsotravels@gmail.com,http://rimsotravels.com,rimso-travels-and-ticketing,Thimphu,https://services.bhutan.travel/search/tour-operator/rimso-travels-and-ticketing
846,Traveller's Guide,+975 77713013,travellersguidebhutan@gmail.com,http://www.bhutantravellersguide.com,travellers-guide,Thimphu,https://services.bhutan.travel/search/tour-operator/travellers-guide
20,Bhutan Swallowtail Travels,+975 17131261,writetome@bhutanswallowtail.com,http://www.bhutantraveladvisor.com/,bhutan-swallowtail-travels,Thimphu,https://services.bhutan.travel/search/tour-operator/bhutan-swallowtail-travels
1481,Aha Bhutan Expeditions,+975 17891191,ahabhutan@gmail.com,http://www.ahabhutan.com,aha-bhutan-expeditions,Thimphu,https://services.bhutan.travel/search/tour-operator/aha-bhutan-expeditions
338,Authentic Bhutan Tours,+975 17343434,info@authenticbhutantours.com,http://www.authenticbhutantours.com,authentic-bhutan-tours,Thimphu,https://services.bhutan.travel/search/tour-operator/authentic-bhutan-tours
1378,Peling Rose Tours & Treks,+975 77985055,info.pelingrose@gmail.com,http://www.pelingrose.com,peling-rose-tours-treks,Thimphu,https://services.bhutan.travel/search/tour-operator/peling-rose-tours-treks
821,CHHUNDU TRAVEL AND TOURS,+975 17112547,info@chhundu.com.bt,http://chhundu.com.bt,chhundu-travel-and-tours,Thimphu,https://services.bhutan.travel/search/tour-operator/chhundu-travel-and-tours
1238,Linkyul,+975 17836372,info.linkyul@gmail.com,https://linkyul.com/,linka-travel,Thimphu,https://services.bhutan.travel/search/tour-operator/linka-travel
859,Vision Himalaya Tours,+975 17301301,visionhimalayatours@gmail.com,https://visionhimalaya.com/,vision-himalaya-tours,Thimphu,https://services.bhutan.travel/search/tour-operator/vision-himalaya-tours
417,Phendey Tours and Treks,+975 77308966,phendeytours@gmail.com,http://www.bhutanphendeytours.com,phendey-tours-and-treks,Thimphu,https://services.bhutan.travel/search/tour-operator/phendey-tours-and-treks
937,Global Safari Tours and Trek,+975 17882788,toursandtrekglobalsafari@gmail.com,http://globalsafaritoursandtrek.bt,global-safari-tours-and-trek,Thimphu,https://services.bhutan.travel/search/tour-operator/global-safari-tours-and-trek
1398,Kuzu Zangpo Travels,+975 17477387,kuzuzangpotravels@gmail.com,http://www.kuzuzangpotravels.com,kuzu-zangpo-travels,Thimphu,https://services.bhutan.travel/search/tour-operator/kuzu-zangpo-travels
1439,Kingdom Quest,+975 17852983,kingdomquestbhutan@gmail.com,http://www.kingdomquestbhutan.com,kingdom-quest,Thimphu,https://services.bhutan.travel/search/tour-operator/kingdom-quest
667,ER Tours and Treks,+975 17842089,ertoursandtreks@gmail.com,http://www.ertoursandtreks.com,er-tours-and-treks,Thimphu,https://services.bhutan.travel/search/tour-operator/er-tours-and-treks
827,Himalayan Expedition,+975 17118779,info@getbhutantour.com,http://getbhutantour.com,himalayan-expedition,Thimphu,https://services.bhutan.travel/search/tour-operator/himalayan-expedition
61,Destiny Bhutan,+975 17119996,info@destinybhutan.com,https://www.destinybhutan.com/,destiny-bhutan,Thimphu,https://services.bhutan.travel/search/tour-operator/destiny-bhutan
419,Bhutan Lhomen Adventure,+975 17111339,bhutanlhomen.adventure@gmail.com,http://bhutanlhomenadventure.com,bhutan-lhomen-adventure,Thimphu,https://services.bhutan.travel/search/tour-operator/bhutan-lhomen-adventure
887,CRYSTAL BHUTAN TRAVELS,+975 17141305,crystalbhutantravels@gmail.com,http://www.crystalbhutantravels.com,crystal-bhutan-travels,Thimphu,https://services.bhutan.travel/search/tour-operator/crystal-bhutan-travels
132,All Phenomena Adventure,+975 17578743,allphenomena888@gmail.com,http://www.apabhutan.com,all-phenomena-adventure,Thimphu,https://services.bhutan.travel/search/tour-operator/all-phenomena-adventure
847,Bhutan All Travels,+975 17600820,bhutanalltravels2013@gmail.com,http://www.bhutanalltravel.com,bhutan-all-travels,Thimphu,https://services.bhutan.travel/search/tour-operator/bhutan-all-travels
1164,B Global Group Travels,+975 17523155,bhutanglobalgroup@gmail.com,http://bhutanglobalgroup.com/travel/,b-global-group-travels,Thimphu,https://services.bhutan.travel/search/tour-operator/b-global-group-travels
684,Lhamo Drizangma,+975 17305322,lhamodrizangma@gmail.com,http://lhamodrizangma.com/,lhamo-drizangma,Thimphu,https://services.bhutan.travel/search/tour-operator/lhamo-drizangma
92,Bhutan Exotic Adventure Travel,+975 17111106,bhutanexotic@gmail.com,http://www.bhutanexotic.com,bhutan-exotic-adventure-travel,Thimphu,https://services.bhutan.travel/search/tour-operator/bhutan-exotic-adventure-travel
512,Vajra guru spiritual travels,+975 17636588,vajrag@gmail.com,http://www.bhutanspiritual.com,vajra-guru-spiritual-travels,Thimphu,https://services.bhutan.travel/search/tour-operator/vajra-guru-spiritual-travels
1352,DTH Travel Bhutan,+975 77487513,info@bt.dth.travel,http://dth.travel,dth-travel-bhutan,Thimphu,https://services.bhutan.travel/search/tour-operator/dth-travel-bhutan
711,Himalayan Horizon Travels,+975 17704352,kunzang.namgye@gmail.com,http://www.itravelbhutan.com,himalayan-horizon-travels,Thimphu,https://services.bhutan.travel/search/tour-operator/himalayan-horizon-travels
671,Bhutan Dew Drop Traval,+975 17670311,tsheringy2009@gmail.com,http://www.bhutanddtravel.com,bhutan-dew-drop-traval,Thimphu,https://services.bhutan.travel/search/tour-operator/bhutan-dew-drop-traval
119,Tiger Adventures Bhutan,+975 77111009,tigeradventures@gmail.com,http://www.bhutantigertour.com/,tiger-adventures-bhutan,Thimphu,https://services.bhutan.travel/search/tour-operator/tiger-adventures-bhutan
1623,Vattara Quest,+975 17869033,vattaraquest@gmail.com,http://www.vattaraquest.bt,vattara-quest,Thimphu,https://services.bhutan.travel/search/tour-operator/vattara-quest
581,Bhutan Vajra Adventures,+975 17497487,bhutanvajra@gmail.com,http://bhutanvajraadventure.com,bhutan-vajra-adventures,Thimphu,https://services.bhutan.travel/search/tour-operator/bhutan-vajra-adventures
1274,B' Expeditions,+975 17126358,contact@bhutanexpeditions.com,https://bhutanexpeditions.com/,b-expeditions,Thimphu,https://services.bhutan.travel/search/tour-operator/b-expeditions
427,Yuelkor Tours and Travel,+975 77222111,yuelkortour@gmail.com,http://www.yuelkortour.com,yuelkor-tours-and-travel,Thimphu,https://services.bhutan.travel/search/tour-operator/yuelkor-tours-and-travel
1015,Alliance International Tours and Travels,+975 17851701,aitt226@gmail.com,http://alliancetoursandtravels.com,alliance-international-tours-and-travels,Thimphu,https://services.bhutan.travel/search/tour-operator/alliance-international-tours-and-travels
727,Somify Destination Tours,+975 17607858,info@somifydestination.com,https://somifydestination.com/,somify-destination-tours,Thimphu,https://services.bhutan.travel/search/tour-operator/somify-destination-tours
585,Bhutan Jewel Travel,+975 17113772,bhutanjewel@gmail.com,http://bhutanjeweltravel.bt,bhutan-jewel-travel,Thimphu,https://services.bhutan.travel/search/tour-operator/bhutan-jewel-travel
1332,Yuthika Tours and Travels,+975 77337275,yuthikatoursandtravels@gmail.com,http://yuthikatoursandtravels.com/,yuthika-tours-and-travels,Thimphu,https://services.bhutan.travel/search/tour-operator/yuthika-tours-and-travels
822,Bhutan Mountain Adventures,+975 77111439,bhutanmba2008@gmail.com,http://www.bma.bt,bhutan-mountain-adventures,Thimphu,https://services.bhutan.travel/search/tour-operator/bhutan-mountain-adventures
654,Bhutan Gangyul Tours,+975 17608524,bhutangangyul@gmail.com,http://bhutangangyul.bt,bhutan-gangyul-tours,Thimphu,https://services.bhutan.travel/search/tour-operator/bhutan-gangyul-tours
935,Oriental Travel Planner,+975 17801138,orientaltravelplannerbhutan@gmail.com,http://www.otpbhutan.com,oriental-travel-planner,Thimphu,https://services.bhutan.travel/search/tour-operator/oriental-travel-planner
1572,Phuntshok Gatshel Tours,+975 17675431,tashivarjra@gmail.com,http://www.phuntshokgatsheltours.com/,phuntshok-gatshel-tours,Thimphu,https://services.bhutan.travel/search/tour-operator/phuntshok-gatshel-tours
1171,Bhutan Extreme Trips,+975 77162424,info@bhutanextremetrips.com,http://www.bhutanextremetrips.com,bhutan-extreme-trips,Thimphu,https://services.bhutan.travel/search/tour-operator/bhutan-extreme-trips
855,Halcyon Adventure,+975 17966251,ajoygurung7@gmail.com,http://bhutanflight.com,halcyon-adventure,Thimphu,https://services.bhutan.travel/search/tour-operator/halcyon-adventure
662,Adventure Tours,+975 17638481,bhutanadventuretours@gmail.com,http://www.bhutanadventuretours.com,adventure-tours,Thimphu,https://services.bhutan.travel/search/tour-operator/adventure-tours
921,Exotic Destinations,+975 17600332,exoticdestination98@gmail.com,http://www.exoticbhutan.com,exotic-destinations,Thimphu,https://services.bhutan.travel/search/tour-operator/exotic-destinations
948,Peacock adventure Tours,+975 17885658,peacockbhutan@gmail.com,http://www.peacockadventuretours.bt,dhey-wang-tours-and-treks,Thimphu,https://services.bhutan.travel/search/tour-operator/dhey-wang-tours-and-treks
841,Asia Bhutan Travels,+975 17110511,asiabhutan@gmail.com,http://www.asiabhutantravel.com,asia-bhutan-travels,Thimphu,https://services.bhutan.travel/search/tour-operator/asia-bhutan-travels
479,The Gawa Holidays,+975 17118100,thegawaholidays@gmail.com,http://www.thegawaholidays.com,the-gawa-holidays,Thimphu,https://services.bhutan.travel/search/tour-operator/the-gawa-holidays
298,White Raven Tours & Travels,+975 17920418,whiteraventours@gmail.com,http://www.whiteraventours.com,white-raven-tours-travels,Thimphu,https://services.bhutan.travel/search/tour-operator/white-raven-tours-travels
49,Maps Bhutan Holidays,+975 17615883,mapsbhutan@gmail.com,http://www.mapsbhutan.com,maps-bhutan-holidays,Thimphu,https://services.bhutan.travel/search/tour-operator/maps-bhutan-holidays
524,Palbheu Tours and Trek,+975 17638407,palbheutoursandtrek820@gmail.com,http://www.palbheutoursandtrek.com,palbheu-tours-and-trek,Thimphu,https://services.bhutan.travel/search/tour-operator/palbheu-tours-and-trek
1158,Bhutan Kidh-chong Travel,+975 77447000,bhutankidhchong@gmail.com,http://www.bhutankidhchong.com,bhutan-kidh-chong-travel,Thimphu,https://services.bhutan.travel/search/tour-operator/bhutan-kidh-chong-travel
966,Bhutan Travel Experts,+975 17170888,hello@bhutantravelexp.com,http://bhutantravelexp.com,bhutan-travel-experts,Thimphu,https://services.bhutan.travel/search/tour-operator/bhutan-travel-experts
1318,Rinlha Tours & Treks,+975 17630488,rinlha.tours@gmail.com,http://www.bhutanrinlhatours.com,rinlha-tours-treks,Thimphu,https://services.bhutan.travel/search/tour-operator/rinlha-tours-treks
1003,Trip to Dragon Kingdom Tours,+975 77314036,triptodragonkingdomtours@gmail.com,http://triptodragonkingdom.com,trip-to-dragon-kingdom-tours,Thimphu,https://services.bhutan.travel/search/tour-operator/trip-to-dragon-kingdom-tours
1236,Bhutan Seriling  Travels,+975 77467666,serilingtravels@gmail.com,http://www.bhutanserilingtravels.com/,bhutan-seriling-travels,Thimphu,https://services.bhutan.travel/search/tour-operator/bhutan-seriling-travels
1263,Global TravelPro,+975 77440205,info@globaltravelpro.co,http://www.globaltravelpro.co,global-travelpro,Thimphu,https://services.bhutan.travel/search/tour-operator/global-travelpro
1218,iDesire Explorations,+975 17408888,explorations@idesire.page,http://idesire.bt/explorations,idesire-explorations,Thimphu,https://services.bhutan.travel/search/tour-operator/idesire-explorations
41,Bhutan Dorji Holidays,+975 17124567,bhutan3000@gmail.com,http://www.dorjibhutan.com,bhutan-dorji-holidays,Thimphu,https://services.bhutan.travel/search/tour-operator/bhutan-dorji-holidays
457,Happiness Kingdom Travels,+975 77111400,info@happinesskingdom.com,http://Bhutanhappiness.com,happiness-kingdom-travels,Thimphu,https://services.bhutan.travel/search/tour-operator/happiness-kingdom-travels
1376,deep journeys,+975 17637779,deepjourneys.bhutan@gmail.com,http://deepjourneysbhutan.com,deep-journeys,Thimphu,https://services.bhutan.travel/search/tour-operator/deep-journeys
1494,Humkara Tours and Treks,+975 17564352,humkaratnt@gmail.com,http://humkaratourandtreks.com,humkara-tours-and-treks,Thimphu,https://services.bhutan.travel/search/tour-operator/humkara-tours-and-treks
1343,sweet-escapes-tours-and-travels,+975 17275527,sweetescapes.bhutan@gmail.com,http://www.sweetescapesbhutan.com,sweet-escapes-tours-and-travels,Thimphu,https://services.bhutan.travel/search/tour-operator/sweet-escapes-tours-and-travels
1471,Go Go Adventures,+975 17484302,tours.bhutan17@gmail.com,http://gogoadventuresbhutan.com,go-go-adventures,Thimphu,https://services.bhutan.travel/search/tour-operator/go-go-adventures
1123,Drukyul Diaries,+975 77953610,info@drukyuldiaries.com,http://www.drukyuldiaries.com,drukyul-diaries,Thimphu,https://services.bhutan.travel/search/tour-operator/drukyul-diaries
1375,Gay Yul Travel Agent,+975 17908965,gayyultravels@gmail.com,http://gayyultravels.com,gay-yul-travel-agent,Thimphu,https://services.bhutan.travel/search/tour-operator/gay-yul-travel-agent
292,Yelha Bhutan Tours and Travels,+975 17609635,yelhabhutan@gmail.com,http://www.yelhabhutantour.com/about-yelha-bhutan/,yelha-bhutan-tours-and-travels,Thimphu,https://services.bhutan.travel/search/tour-operator/yelha-bhutan-tours-and-travels
1416,Samten Phuentshog Yoesel Travel,+975 77980123,lhamopema355@gmail.com,http://samtenphuentshogyoeseltravel.com,samten-phuentshog-yoesel-travel,Thimphu,https://services.bhutan.travel/search/tour-operator/samten-phuentshog-yoesel-travel
1122,Soha Voyage,+975 77605271,contact@sohavoyage.com,http://www.sohavoyage.com,soha-voyage,Thimphu,https://services.bhutan.travel/search/tour-operator/soha-voyage
1500,Wayfarertravels,+975 16136559,wayfarertravels@gmail.com,http://Wayfartravels.com,wayfarertravels,Thimphu,https://services.bhutan.travel/search/tour-operator/wayfarertravels
502,A3 Travel Services,+975 17671821,aaatravelagent2024@gmail.com,http://www.a3travelservices.com,a3-travel-services,Thimphu,https://services.bhutan.travel/search/tour-operator/a3-travel-services
72,Tales of Bhutan Tour,+975 17779500,talesofbhutantour@gmail.com,http://www.bhutantourcompany.com,tales-of-bhutan-tour,Thimphu,https://services.bhutan.travel/search/tour-operator/tales-of-bhutan-tour
1290,Elite Himalayan Adventure,+975 77454534,eliteadventure888@gmail.com,http://www.elitehimalayanadventure.com,elite-himalayan-adventure,Thimphu,https://services.bhutan.travel/search/tour-operator/elite-himalayan-adventure
588,Yak Holidays International,+975 77280724,yakadv@gmail.com,http://traveltobhutan.travel,yak-holidays-international,Thimphu,https://services.bhutan.travel/search/tour-operator/yak-holidays-international
108,Tashi Tours & Travel,+975 77108888,oprations.tashitours@gmail.com,http://bhutantashitravel.com/website,tashi-tours-travel,Thimphu,https://services.bhutan.travel/search/tour-operator/tashi-tours-travel
1512,A Bhutan 888 Tours & Treks,+975 17619068,xcennor@gmail.com,http://bhutan888.com,a-bhutan-888-tours-treks,Thimphu,https://services.bhutan.travel/search/tour-operator/a-bhutan-888-tours-treks
1550,BodhiTrail Journeys,+975 17170444,hello@bodhitrailjourneys.com,https://bodhitrailjourneys.com,bodhitrail-journeys,Thimphu,https://services.bhutan.travel/search/tour-operator/bodhitrail-journeys
1219,Mad Monk Travels,+975 77118644,madmonktravels@gmail.com,http://placestovisitinbhutan.com,mad-monk-travels,Thimphu,https://services.bhutan.travel/search/tour-operator/mad-monk-travels
798,SC Ventures,+975 17739844,hello@thescventures.com,http://www.thescventures.com,sc-ventures,Thimphu,https://services.bhutan.travel/search/tour-operator/sc-ventures
982,Shahara Bhutan Tours and Trek,+975 17220349,shaharabhutantours@gmail.com,http://www.shaharabhutantours.bt,shahara-bhutan-tours-and-trek,Thimphu,https://services.bhutan.travel/search/tour-operator/shahara-bhutan-tours-and-trek
582,Bhutan Walkers & Leisures,+975 17613203,info@bhutanwalkers.com,http://www.bhutanwalkers.com,bhutan-walkers-leisures,Thimphu,https://services.bhutan.travel/search/tour-operator/bhutan-walkers-leisures
936,Yangphel Adventure  Travel,+975 17119030,peldon@yangphel.com,http://www.aboutbhutan.com,yangphel-adventure-travel,Thimphu,https://services.bhutan.travel/search/tour-operator/yangphel-adventure-travel
885,Pine Peak Travels,+975 77334665,pinepeaktravels@gmail.com,https://pinepeaktravels.com,pine-peak-travels,Thimphu,https://services.bhutan.travel/search/tour-operator/pine-peak-travels
1130,My Asia Tours,+975 17447300,info.myasiatours@gmail.com,http://mytourasia.com,my-asia-tours,Thimphu,https://services.bhutan.travel/search/tour-operator/my-asia-tours
572,Bhutan First Adventure,+975 17673481,bhutanfirstadventure@gmail.com,http://bhutanfirstadventure.com/,bhutan-first-adventure,Thimphu,https://services.bhutan.travel/search/tour-operator/bhutan-first-adventure
881,Bliss Bound Bhutan,+975 17625539,travel@blissboundbhutan.com,http://www.blissboundbhutan.com,bliss-bound-bhutan,Thimphu,https://services.bhutan.travel/search/tour-operator/bliss-bound-bhutan
1208,Bhutan Archive Tours and Travels,+975 17622995,bhutanarchive2017@gmail.com,http://www.bhutanarchive.com,bhutan-archive-tours-and-travels,Thimphu,https://services.bhutan.travel/search/tour-operator/bhutan-archive-tours-and-travels
1280,Ser-Yoed Tours and Travel,+975 77366602,seryoedbhutantours@gmail.com,http://seryoedtravel.com/tourPost/,ser-yoed-tours-and-travel,Thimphu,https://services.bhutan.travel/search/tour-operator/ser-yoed-tours-and-travel
313,Excursion To Himalayas,+975 17140505,excursiontohimalayas@gmail.com,https://tourbhutan.travel,excursion-to-himalayas,Thimphu,https://services.bhutan.travel/search/tour-operator/excursion-to-himalayas
770,Hiking Bhutan Travel,+975 17474224,hikingbhutantravels@gmail.com,http://www.hikingbhutantoursandtreks.com,hiking-bhutan-travel,Thimphu,https://services.bhutan.travel/search/tour-operator/hiking-bhutan-travel
1053,Bhutan Nomad Adventures,+975 17118778,travel@bhutannomad.com,http://www.bhutannomad.com,bhutan-nomad-adventures,Thimphu,https://services.bhutan.travel/search/tour-operator/bhutan-nomad-adventures
1589,Himalayan Harmony Travel,+975 17415965,himalayanharmonytravel@gmail.com,http://himalayanharmonytravel.com,himalayan-harmony-travel,Thimphu,https://services.bhutan.travel/search/tour-operator/himalayan-harmony-travel
1408,KS Himalayan Journey,+975 17904309,kshimalayanjourney@gmail.com,http://kshimalayanjourney.com,ks-himalayan-journey,Thimphu,https://services.bhutan.travel/search/tour-operator/ks-himalayan-journey
1252,Droensar Tours and Trek,+975 17411010,droensar@gmail.com,http://www.droensar.com,droensar-tours-and-trek,Thimphu,https://services.bhutan.travel/search/tour-operator/droensar-tours-and-trek
1113,Yuden Tours Bhutan,+975 17110528,ceo@bhutanyudentours.com,http://www.bhutanyudentours.com,yuden-tours-bhutan,Thimphu,https://services.bhutan.travel/search/tour-operator/yuden-tours-bhutan
63,Himalayan Realm Ventures,+975 77279927,enquiry@himalayanrealmventures.com,http://himalayanrealmventures.com,himalayan-realm-ventures,Thimphu,https://services.bhutan.travel/search/tour-operator/himalayan-realm-ventures
964,Druk & Drukpa Tours,+975 17811251,drukdrukpatours@gmail.com,http://www.bhutantravel.online,druk-drukpa-tours,Thimphu,https://services.bhutan.travel/search/tour-operator/druk-drukpa-tours
330,Bhutan Travel Center,+975 17775309,info@bhutantravelcenter.com,http://www.bhutantravelcenter.com/,bhutan-travel-center,Thimphu,https://services.bhutan.travel/search/tour-operator/bhutan-travel-center
541,Original Bhutan Travels,+975 17223888,info@originalbhutan.com,http://originalbhutan.com,original-bhutan-travels,Thimphu,https://services.bhutan.travel/search/tour-operator/original-bhutan-travels
1324,Basudara Tours and Treks,+975 17333443,info@basudaratravels.com,http://www.basudaratravels.com,basudara-tours-and-treks,Thimphu,https://services.bhutan.travel/search/tour-operator/basudara-tours-and-treks
1498,Happy Dream Adventure,+975 17590556,happydreambhutan@gmail.com,http://www.happydreamadventure.com,happy-dream-adventure,Thimphu,https://services.bhutan.travel/search/tour-operator/happy-dream-adventure
1105,BTN The Traveller Tourism & Entertainment,+975 17397247,tashi@thetraveler.vn,http://www.thetraveller.vn,btn-the-traveller-tourism-entertainment,Thimphu,https://services.bhutan.travel/search/tour-operator/btn-the-traveller-tourism-entertainment
1524,Ugyen-TG tours and trek,+975 17388488,ugenthinley90@gmail.com,http://Ugyentg-tours.com,ugyen-tg-tours-and-trek,Thimphu,https://services.bhutan.travel/search/tour-operator/ugyen-tg-tours-and-trek
335,Bhutan Birding and Heritage Travels,+975 77110133,hisheytshering@gmail.com,http://www.bhutanheritage.com,bhutan-birding-and-heritage-travels,Thimphu,https://services.bhutan.travel/search/tour-operator/bhutan-birding-and-heritage-travels
1504,Monks and Mountains Trips,+975 77205550,mmtbhutantours@gmail.com,http://monksandmountainstrips.com,monks-and-mountains-trips,Thimphu,https://services.bhutan.travel/search/tour-operator/monks-and-mountains-trips
493,Padmasana Bhutan Travel,+975 16921041,pbtbhutan@gmail.com,http://www.pbtbhutan.bt,padmasana-bhutan-travel,Thimphu,https://services.bhutan.travel/search/tour-operator/padmasana-bhutan-travel
735,Bhutan Sangay Tours & Trek,+975 17117954,bhutansangay1@gmail.com,http://www.bhutan-sangaytours.com/,bhutan-sangay-tours-trek,Thimphu,https://services.bhutan.travel/search/tour-operator/bhutan-sangay-tours-trek
1011,Bhutan Lhakthong Adventure,+975 17614663,lhakthongtours@gmail.com,http://www.lhakthongadventure.bt,bhutan-lhakthong-adventure,Thimphu,https://services.bhutan.travel/search/tour-operator/bhutan-lhakthong-adventure
304,New Age Bhutan Tours,+975 77888877,tashi@newagebhutan.com,http://www.newagebhutan.com,new-age-bhutan-tours,Thimphu,https://services.bhutan.travel/search/tour-operator/new-age-bhutan-tours
1683,Dragon Vista Tours,+975 17457487,info@dragonvistatours.com,http://dragonvistatours.com/,dragon-vista-tours,Thimphu,https://services.bhutan.travel/search/tour-operator/dragon-vista-tours
1109,Pelden Adventures,+975 77309589,info@peldenadventures.com,http://www.peldenadventures.com,pelden-adventures,Thimphu,https://services.bhutan.travel/search/tour-operator/pelden-adventures
866,Bhutan-White Mountain Tours,+975 17131430,info@whitemountainholiday.com,http://www.whitemountainholiday.com/,bhutan-white-mountain-tours,Thimphu,https://services.bhutan.travel/search/tour-operator/bhutan-white-mountain-tours
1612,DND Bhutan,+975 16126622,dndbhutan@gmail.com,http://www.dndbhutan.com,dnd-bhutan,Thimphu,https://services.bhutan.travel/search/tour-operator/dnd-bhutan
1132,VenTara Tours,+975 17323976,info@ventaratours.com,http://www.ventaratours.com,ventara-tours,Thimphu,https://services.bhutan.travel/search/tour-operator/ventara-tours
1194,Your Holidays Travel,+975 17679650,yourholidayst@gmail.com,http://yourholidaytravel.com,your-holidays-travel,Thimphu,https://services.bhutan.travel/search/tour-operator/your-holidays-travel
1124,Bhutan Travel Guide,+975 17607545,anansg@gmail.com,http://www.druktravelguide.com,bhutan-travel-guide,Thimphu,https://services.bhutan.travel/search/tour-operator/bhutan-travel-guide
336,Bhutan Enlightened Tours and Treks,+975 17112747,info@bhutanenlightened.com,http://www.bhutanenlightened.com,bhutan-enlightened-tours-and-treks,Thimphu,https://services.bhutan.travel/search/tour-operator/bhutan-enlightened-tours-and-treks
306,Bhutan National Travels,+975 17390160,bhtnationaltravels@gmail.com,http://www.bhtnationaltravels.com,bhutan-national-travels,Thimphu,https://services.bhutan.travel/search/tour-operator/bhutan-national-travels
1186,Kuenga Rawa Tours and Travels,+975 17829061,krttinfo@gmail.com,http://www.tripinbhutan.com,kuenga-rawa-tours-and-travels,Thimphu,https://services.bhutan.travel/search/tour-operator/kuenga-rawa-tours-and-travels
1080,Bhutan Trekking Services,+975 77773338,trekkingservices@gmail.com,http://bhutantrekkings.com,bhutan-trekking-services,Thimphu,https://services.bhutan.travel/search/tour-operator/bhutan-trekking-services
332,Bhutan Utpala Tours,+975 17647881,bhutanutpalatours@gmail.com,http://www.bhutanutpalatours.com,bhutan-utpala-tours,Thimphu,https://services.bhutan.travel/search/tour-operator/bhutan-utpala-tours
1045,Holiday in Bhutan,+975 17602336,holidayinbhutan@gmail.com,http://www.holidayinbhutan.com,holiday-in-bhutan,Thimphu,https://services.bhutan.travel/search/tour-operator/holiday-in-bhutan
1201,Himalayan gateway travel,+975 17441350,himalayangatewaytravel@gmail.com,http://Himalayangatewaytravel.com,himalayan-gateway-travel,Thimphu,https://services.bhutan.travel/search/tour-operator/himalayan-gateway-travel
899,Migmar Tours and Travel,+975 77342900,info@migmartours.com,http://migmartours.com,migmar-tours-and-travel,Thimphu,https://services.bhutan.travel/search/tour-operator/migmar-tours-and-travel
1336,Himalayan Quest Expedition Tours and Travel,+975 17330725,himalayanquestexpedition@gmail.com,http://himalayanquestexpeditions.com,himalayan-quest-expedition-tours-and-travel,Thimphu,https://services.bhutan.travel/search/tour-operator/himalayan-quest-expedition-tours-and-travel
897,Druk Siddhi Tours,+975 17705555,druksiddhitours@gmail.com,http://druksiddhitours.com,druk-siddhi-tours,Thimphu,https://services.bhutan.travel/search/tour-operator/druk-siddhi-tours
489,Maebar Travel,+975 17834844,info@maebartravel.com,http://www.maebartravel.com,maebar-travel,Thimphu,https://services.bhutan.travel/search/tour-operator/maebar-travel
537,Graceful Bhutan Travel,+975 17496914,gracefulbhutantravel@gmail.com,http://www.gracefulbhutantravel.com,graceful-bhutan-travel,Thimphu,https://services.bhutan.travel/search/tour-operator/graceful-bhutan-travel
90,Breathe Bhutan Adventures And Holidays,+975 77430698,kuzuzangpo@breathebhutan.com,http://www.breathebhutan.com,breathe-bhutan-adventures-and-holidays,Thimphu,https://services.bhutan.travel/search/tour-operator/breathe-bhutan-adventures-and-holidays
1634,Nyindha Adventures,+975 77985042,nyindhaadventure@gmail.com,http://Nyindhaadventures.com,nyindha-adventures,Thimphu,https://services.bhutan.travel/search/tour-operator/nyindha-adventures
1532,WorldAir Travel,+975 17311928,ennsung87@gmail.com,http://www.worldairbhutan.com,worldair-travel,Thimphu,https://services.bhutan.travel/search/tour-operator/worldair-travel
1330,Celestial Adventures and Tours,+975 77387587,celestialtours13@gmail.com,http://celestialadventuretours.com,celestial-adventures-and-tours,Thimphu,https://services.bhutan.travel/search/tour-operator/celestial-adventures-and-tours
1276,Phen Phen Maa Travel Agent,+975 17507261,info@phenphenmaatravel.com,http://www.phenphenmaatravel.com,phen-phen-maa-travel-agent,Thimphu,https://services.bhutan.travel/search/tour-operator/phen-phen-maa-travel-agent
499,Pawo Tours & Treks,+975 77113953,bhutanpawo@gmail.com,http://bhutanpawo.com/,pawo-tours-treks,Thimphu,https://services.bhutan.travel/search/tour-operator/pawo-tours-treks
420,Bhutan Signature Tours,+975 17388888,bhutansignaturetours@gmail.com,http://www.bhutansignature.com,bhutan-signature-tours,Thimphu,https://services.bhutan.travel/search/tour-operator/bhutan-signature-tours
1019,Kraftsmen Of Remarkable Adventures,+975 17649713,reservationkora@gmail.com,https://korabhutan.com/,kraftsmen-of-remarkable-adventures,Thimphu,https://services.bhutan.travel/search/tour-operator/kraftsmen-of-remarkable-adventures
1258,Kuenpel Travels,+975 17671286,kyarpel@gmail.com,http://kuenpeltravels.bt,kuenpel-travels,Thimphu,https://services.bhutan.travel/search/tour-operator/kuenpel-travels
895,Bhutan Dynasty Travel,+975 17111048,bhutandynasty@gmail.com,http://www.bhutandynastytravel.bt,bhutan-dynasty-travel,Thimphu,https://services.bhutan.travel/search/tour-operator/bhutan-dynasty-travel
1338,Rhododendron Belle Tours,+975 77917555,rhododendronbelle@gmail.com,http://bhutanrhododendrontours.com,rhododendron-belle-tours,Thimphu,https://services.bhutan.travel/search/tour-operator/rhododendron-belle-tours
905,Droelma Tours and Travels,+975 17684815,chhimisyelden@gmail.com,http://droelmatravels.com,droelma-tours-and-travels,Thimphu,https://services.bhutan.travel/search/tour-operator/droelma-tours-and-travels
996,A Way to Bhutan Tours and Travels,+975 17740117,info@waytobhutan.com,http://waytobhutan.com,a-way-to-bhutan-tours-and-travels,Thimphu,https://services.bhutan.travel/search/tour-operator/a-way-to-bhutan-tours-and-travels
1281,Ola Tours and Trek,+975 77299660,olahereforyou@gmail.com,http://olatoursandtrek.com/,ola-tours-and-trek,Thimphu,https://services.bhutan.travel/search/tour-operator/ola-tours-and-trek
554,Dharma park Travels,+975 77602204,dharmaparktravels@gmail.com,http://www.dharmaparktravels.com,dharma-park-travels,Thimphu,https://services.bhutan.travel/search/tour-operator/dharma-park-travels
709,Anywhere Bhutan Travel,+975 17459196,anywherebhutantravel@gmail.com,http://anywherebhutantravel.com,anywhere-bhutan-travel,Thimphu,https://services.bhutan.travel/search/tour-operator/anywhere-bhutan-travel
91,Nangyzer Tours & Expeditions,+975 17902465,phurbawangmo@gmail.com,http://www.nangyzertours.com,nangyzer-tours-expeditions,Thimphu,https://services.bhutan.travel/search/tour-operator/nangyzer-tours-expeditions
124,Book My Tour and Travel,+975 77100394,info@bookmytour.bt,http://bookmytour.bt,book-my-tour-and-travel,Thimphu,https://services.bhutan.travel/search/tour-operator/book-my-tour-and-travel
801,Pelyang Bhutan Tours,+975 17952660,Pelyangbhutantours@gmail.com,http://www.pelyangbhutantours.com.bt,pelyang-bhutan-tours,Thimphu,https://services.bhutan.travel/search/tour-operator/pelyang-bhutan-tours
912,Druk Heritage Tours & Experiences,+975 17140163,info@drukheritage.com,http://www.drukheritage.com,druk-heritage-tours-experiences,Thimphu,https://services.bhutan.travel/search/tour-operator/druk-heritage-tours-experiences
977,Lotus Path Adventures,+975 77858443,info@lotuspathadventures.com,http://lotuspathadventures.com,lotus-path-adventures,Thimphu,https://services.bhutan.travel/search/tour-operator/lotus-path-adventures
983,ADC Bhutan Tours,+975 17633904,adcbhutantours@gmail.com,http://www.adcbhutantours.com,adc-bhutan-tours,Thimphu,https://services.bhutan.travel/search/tour-operator/adc-bhutan-tours
1568,Shambhala Trails,+975 77763604,shambhalabhutan22@gmail.com,http://shambhalatrails.com,shambhala-trails,Thimphu,https://services.bhutan.travel/search/tour-operator/shambhala-trails
594,Bhutan old monk Tours and trek,+975 17625434,bhutanoldmonk@gmail.com,http://www.bhutanoldmonktravels.com,bhutan-old-monk-tours-and-trek,Thimphu,https://services.bhutan.travel/search/tour-operator/bhutan-old-monk-tours-and-trek
483,Bhutan Nima Tours and Travels,+975 77439621,bhutannima51@gmail.com,http://www.bhutannimatoursandtravels.com,bhutan-nima-tours-and-travels,Thimphu,https://services.bhutan.travel/search/tour-operator/bhutan-nima-tours-and-travels
503,Metho Bhutan Tours & Treks,+975 17119002,methotours@gmail.com,http://www.methobhutan.com,metho-bhutan-tours-treks,Thimphu,https://services.bhutan.travel/search/tour-operator/metho-bhutan-tours-treks
1536,YangChhar Journeys,+975 77765059,yangchharjourneys@gmail.com,http://www.yangchharworld.com,yangchhar-journeys,Thimphu,https://services.bhutan.travel/search/tour-operator/yangchhar-journeys
546,Pema Tours and Travels,+975 17603463,info@pematoursbhutan.com,http://www.pematoursbhutan.com,pema-tours-and-travels,Thimphu,https://services.bhutan.travel/search/tour-operator/pema-tours-and-travels
334,Bhutan Best Inbound Tour,+975 17334422,info@bhutaninbound.com,http://www.bhutaninbound.com,bhutan-best-inbound-tour,Thimphu,https://services.bhutan.travel/search/tour-operator/bhutan-best-inbound-tour
443,Bhutan Tropical Tours and Travel,+975 77200511,bhutantropical@gmail.com,https://bhutantropicaltours.com/,bhutan-tropical-tours-and-travel,Thimphu,https://services.bhutan.travel/search/tour-operator/bhutan-tropical-tours-and-travel
1220,Bhutan 4 Friends Tours & Travles,+975 77950505,bhutan4friends@gmail.com,http://www.4friendstours.com,bhutan-4-friends-tours-travles,Thimphu,https://services.bhutan.travel/search/tour-operator/bhutan-4-friends-tours-travles
1060,Geo Bhutan Travels,+975 17143354,geobhutantravels@gmail.com,http://geobhutantravels.com,geo-bhutan-travels,Thimphu,https://services.bhutan.travel/search/tour-operator/geo-bhutan-travels
1034,Rainbow Tours and Treks,+975 17111058,rainbow@rainbowbhutan.com,http://rainbowbhutan.com,rainbow-tours-and-treks,Thimphu,https://services.bhutan.travel/search/tour-operator/rainbow-tours-and-treks
488,Bhutan Travel Bureau,+975 17114222,tours@btb.com.bt,http://www.btb.com.bt,bhutan-travel-bureau,Thimphu,https://services.bhutan.travel/search/tour-operator/bhutan-travel-bureau
1645,Happiness Country Holiday,+975 77286587,info@happinesscountryholiday.com,http://happinesscountryholiday.com/,happiness-country-holiday,Thimphu,https://services.bhutan.travel/search/tour-operator/happiness-country-holiday
844,Serenity Retreats,+975 77201947,serenityretreatsbhutan@gmail.com,http://serenityretreatsbhutan.com/,serenity-retreats,Thimphu,https://services.bhutan.travel/search/tour-operator/serenity-retreats
741,Active Bhutan Tours and Treks,+975 77700017,activebhutantours@gmail.com,http://www.activebhutan.com.bt,active-bhutan-tours-and-treks,Thimphu,https://services.bhutan.travel/search/tour-operator/active-bhutan-tours-and-treks
870,Bhutan Journeys,+975 77370717,bhutanjourneys2005@gmail.com,http://www.bhutanjourneys.com,bhutan-journeys,Thimphu,https://services.bhutan.travel/search/tour-operator/bhutan-journeys
849,gakiling Tours And Travels,+975 17885946,gakilingtoursandtravels@gmail.com,http://www.bhutangakilingtours.com,gakiling-tours-and-travels,Thimphu,https://services.bhutan.travel/search/tour-operator/gakiling-tours-and-travels
1256,Affinity Bhutan Travel,+975 17737858,info@visit2bhutan.com,http://www.visit2bhutan.com,affinity-bhutan-travel,Thimphu,https://services.bhutan.travel/search/tour-operator/affinity-bhutan-travel
490,DIVINE FLY FISHING,+975 17113511,tightlines@divineflyfishing.com,http://divineflyfishing.com,divine-fly-fishing,Thimphu,https://services.bhutan.travel/search/tour-operator/divine-fly-fishing
712,bhutan roundabout tours,+975 77726934,bhutanroundabouttours@gmail.com,http://www.bhutanroundabouttour.com,bhutan-roundabout-tours,Thimphu,https://services.bhutan.travel/search/tour-operator/bhutan-roundabout-tours
700,Bhutan Introducing Nature and Culture,+975 17830595,bhutaninc@gmail.com,http://www.bhutaninc.com,bhutan-introducing-nature-and-culture,Thimphu,https://services.bhutan.travel/search/tour-operator/bhutan-introducing-nature-and-culture
1601,Phuentshok Tours & Treks,+975 77988918,info@bhutanexperiences.com,http://bhutanexperiences.com,phuentshok-tours-treks,Thimphu,https://services.bhutan.travel/search/tour-operator/phuentshok-tours-treks
34,Bhutan Blue Pearl Travel,+975 77452323,sonam666sonam@gmail.com,http://www.bluepearlbhutan.com,bhutan-blue-pearl-travel,Thimphu,https://services.bhutan.travel/search/tour-operator/bhutan-blue-pearl-travel
