name,phone,email,dzongkhag
xplore Bhutan,+975 17474180,pemanidupbsa@gmail.com,Thimphu
Happiness Horizon Travel,+975 16108570,info@happinesstravel.bt,Thimphu
Travel To Bhutan,+975 17621454,mailtraveltobhutan@gmail.com,Thimphu
Aarya Village Travel,+975 77622411,aaryatravelbhutan@gmail.com,Thimphu
Renown Bhutan Adventures,+975 77759316,renownbhutanadv@gmail.com,Thimphu
High Hills Travelers,+975 17665558,highillstravelers@gmail.com,Thimphu
Green Zone Destination,+975 17264398,greenzdestination@gmail.com,Thimphu
Gems Bhutan Travels,+975 77888899,gem@gemsbhutantravels.com,Thimphu
Basnet Adventures,+975 77333220,info@wonderbhutan.com,Thimphu
Bhutan Green Travel (BGT),+975 17619661,info@bhutangreentravel.com,Thimphu
Bhutan Mandala Tours & Treks,+975 17111704,bhutanmandala2023@gmail.com,Thimphu
Holidays Bhutan,+975 17607080,sangay@holidays.bt,Thimphu
Sundara Bhutan,+975 77783859,sundarabhutan@gmail.com,Thimphu
Moenlam Travels,+975 77886617,moenlamtravels@gmail.com,Thimphu
BHUTAN TAKIN TRAILS,+975 17338844,yetimanbt@yahoo.com,Thimphu
Dzashay Chena Thuendrel Tours,+975 17436458,info@dzashaychenathuendreltours.com,Thimphu
Choe Nga Leisure Travel,+975 17673911,choengaleisuretravel@gmail.com,Thimphu
ALAYA @Traveling,+975 77219265,booking@travelingbhutan.com,Thimphu
ADV TOURS AND TREKS,+975 77726478,advtourstreks@gmail.com,Thimphu
Soul Trips,+975 17795090,hello@soultrips.co,Thimphu
Across Bhutan,+975 17119644,acrossbhutan@gmail.com,Thimphu
As Bhutan Travels,+975 17664864,asbhutan@gmail.com,Thimphu
Wild Nature Quest,+975 17119664,bhutanbirding@gmail.com,Thimphu
Jeroma Tours & Travels,+975 17521512,karmajeroma@gmail.com,Thimphu
Amedewa Tours And Trek,+975 17306726,travelamedewa@gmail.com,Thimphu
Bhutan Online Booking Travel,+975 17792453,onlinebhutan@gmail.com,Thimphu
Dream trail Adventure,+975 77656116,dreamtrailadventure@gmail.com,Thimphu
Bhutan Exodus Tours,+975 77114164,padro36@gmail.com,Thimphu
Magical Mountain Travels,+975 77603468,pwangdi67@gmail.com,Thimphu
Samlha Tours and Travels,+975 77229851,samlhatravel@gmail.com,Thimphu
Ambassador Holidays Planner,+975 17891750,bhutanambassadorholidays@gmail.com,Thimphu
MyBhutan,+975 17611325,chechey@mybhutantravel.bt,Thimphu
Tshe Dorji Tours And Travel,+975 17246282,tshedorjitoursandtravel@gmail.com,Thimphu
Aravia Peaks,+975 17565604,bhutanaraviapeak@gmail.com,Thimphu
Rinzin Thunderbolt,+975 77205059,ginger22nd@gmail.com,Thimphu
Himalayan Mindfulness Adventures,+975 17126600,himalayanmindfulness@gmail.com,Thimphu
Chakar Tours and Treks,+975 17170007,chakartours@gmail.com,Thimphu
Bhutan Tara Excursion,+975 17810115,bhutantara2017@gmail.com,Thimphu
Mercury Bhutan Travels,+975 17127188,bhutan@mercurybhutan.com,Thimphu
Druk bayuel Tours,+975 77111298,info@greenbhutantours.com,Thimphu
Druk Executive Travel,+975 17600169,drukexecutive@gmail.com,Thimphu
Amala Travel in Bhutan,+975 17381338,phubdorji881@gmail.com,Thimphu
Happy land Travel,+975 16131109,bhutanhappylandtravel@gmail.com,Thimphu
Bhutan Peak Adventure,+975 77712404,peakadventurebhutan@gmail.com,Thimphu
Bhutan Travels,+975 17762255,bestbhutantravels@gmail.com,Thimphu
Southeast Himalaya Adventure,+975 77238374,southeasthimalaya@gmail.com,Thimphu
Untold Bhutan Tours and Travels,+975 17464442,untoldbhutan@gmail.com,Thimphu
Bhutan High End Tours,+975 77322516,bhutanhighendtours@gmail.com,Thimphu
NatureWings Bhutan,+975 17582098,naturewings.sabitra@gmail.com,Thimphu
Journey DMC Bhutan,+975 17794945,gaj@journeydmc.com,Thimphu
Routes and Journeys,+975 17111400,info@routesandjourneys.com,Thimphu
Sonam Norden Tours and Treks,+975 77158899,info@bhutanrose.com,Thimphu
Embrace Bhutan Travel,+975 17603735,embracebhutan@gmail.com,Thimphu
Druk Jorpel Adventures,+975 17746783,callbhutan@gmail.com,Thimphu
Bhutan Holiday Trips,+975 77223020,bht.bhutan@gmail.com,Thimphu
Metho Adventure,+975 17602808,drukmethoadventure@gmail.com,Thimphu
Adventure Planet Travels,+975 17685640,adventureplanetravels@gmail.com,Thimphu
Karma Tours,+975 17613830,karmadjordan@gmail.com,Thimphu
Magical Vacations,+975 17555557,bhutantravelfacts@gmail.com,Thimphu
BHUTAN VISIT,+975 17163190,info@bhutanvisit.com,Thimphu
Dragon Trekkers & Tours,+975 17111822,reservationdragon@gmail.com,Thimphu
Adventures in Bhutan,+975 77290123,adventuresinbhutan@gmail.com,Thimphu
Touch Bhutan Travel,+975 77399342,hello@touchbhutantravel.com,Thimphu
Ace Happiness Travel,+975 16113890,info@acehappiness.bt,Thimphu
Wing Trip Tour and Trek,+975 17982556,sanendup@gmail.com,Thimphu
Bhutan Tours and Travels,+975 77651980,info@bhutantoursandtravels.com,Thimphu
Norbu Bhutan Travel Pve Ltd,+975 17140164,pemawangmo@norbubhutan.com,Thimphu
Lhalam Tours,+975 77177000,lhalam.toursandtravels@gmail.com,Thimphu
Chazan Tours and Travel,+975 17983848,nzangpo2@icloud.com,Thimphu
Jewels of The Dragon Tours & Adventure,+975 17998585,tsire778585@gmail.com,Thimphu
Yumka Travels,+975 17835759,yumkatravels@gmail.com,Thimphu
Maeyangtours tours and travel,+975 17847662,info@maeyangtours.com,Thimphu
Asia Valleys Tours & Travels,+975 17171610,asiavalleystravels@gmail.com,Thimphu
BELLA BHUTAN VISTA TOURS,+975 17640515,bellabhutanvista@gmail.com,Thimphu
shekinah glory travels,+975 17477507,info@shekinahglorytravel.com,Thimphu
Himalayan Echoes,+975 17111716,hello@himalayanechoes.travel,Thimphu
Ideal Travel Creations,+975 17124946,idealtravelcreations@gmail.com,Thimphu
Journey2shangrila,+975 17775271,journeytoshangrila@gmail.com,Thimphu
Heavenly Bhutan Travels,+975 17617107,info@heavenlybhutan.com,Thimphu
Vacation Venture Tours,+975 77687208,vacationventuretour56@gmail.com,Thimphu
Lhomen Tours & Trekking,+975 77441030,www.lhomen@gmail.com,Thimphu
Bhutan Raewa Travels,+975 17643164,bhutanraewatravels@gmail.com,Thimphu
Blissful Odyssey Travel,+975 17920471,blissfulodysseytravel@gmail.com,Thimphu
Sokshing Travel,+975 77980203,sokshingtravel@gmail.com,Thimphu
Phallusworldtours,+975 77879785,phallusworldtour@gmail.com,Thimphu
Gyuma Tours and Travel,+975 17815980,info@gyumatoursandtravel.com,Thimphu
Recess Bhutan Tours,+975 17614829,info@recessbhutantours.com,Thimphu
Bhutan Lhayi Zeydhan Tours and Travels,+975 77755933,blzbhutantours@gmail.com,Thimphu
Bigfoot Tours and Treks,+975 17171273,bigfoottours24@gmail.com,Thimphu
MINDFUL HAPPINESS TRAVEL,+975 17794088,mindfulhappinesstravel@gmail.com,Thimphu
INSIDESHANGRILA,+975 17332946,dechentshering8@gmail.com,Thimphu
Drukins Tours And Treks,+975 17900585,drukinstoursandtreks@gmail.com,Thimphu
Prestige Travel,+975 17744461,prestigetravelbhutan@gmail.com,Thimphu
Ogyen & Co,+975 17311069,hello@ogyen.co,Thimphu
Chen-Ray Travel & Tours,+975 17616597,chenraybhutantravel@gmail.com,Thimphu
Bhutan Outdoors Unlimited,+975 17600076,bouadventures@gmail.com,Thimphu
Shangrila Bhutan Tours & Treks,+975 17111011,shangrilabhutan@gmail.com,Thimphu
LODHAY TRAVELS & TOUR,+975 17607007,dorjitee959@gmail.com,Thimphu
Divine Adventurous Travel,+975 77900912,info.datticketing@gmail.com,Thimphu
Wangchuk Tours & Treks,+975 17118800,mail@wangchuktours.com,Thimphu
Bhutan Zangden Tours and Treks,+975 17127515,bhutanzangdentours@gmail.com,Thimphu
Wanderlust Expedition,+975 17771787,wanderlustexpd@gmail.com,Thimphu
Bhutan Best Travel,+975 17161938,info@bhutanbesttravel.com,Thimphu
TNP Travel,+975 16127069,tnptravel26@gmail.com,Thimphu
Keys to Bhutan,+975 17118171,ktb975.b2b@gmail.com,Thimphu
Land of Thunder Dragon Tours and Travel,+975 77419163,lotdtourstravel77@gmail.com,Thimphu
Himalayan Mystique Adventures & Holidays,+975 77933676,himalayanmystique.travel@gmail.com,Thimphu
Chhophel Dream Trips,+975 77141118,chhophel.tours@gmail.com,Thimphu
Born Explorer,+975 17999315,tandinwma@gmail.com,Thimphu
Tours of Chilli and Tales,+975 17952188,happychilliandtales@gmail,Thimphu
Bhutan-Bhutan Travel,+975 17113936,info@bhutan-bhutan.com,Thimphu
Bridge To Bhutan,+975 77207220,info@bridgetobhutan.com,Thimphu
Behind The Scenes,+975 77623821,sonamloday1983@gmail.com,Thimphu
Tse Tours and Travel,+975 17119900,tsetoursandtravel@gmail.com,Thimphu
Himalaya Pathway,+975 17672570,lotaay@gmail.com,Thimphu
Kuenshey Tours and Trek,+975 77105571,kuensheytours@gmail.com,Thimphu
Bhutan Himalayan Holidays,+975 17111964,tshewang.penjor@gmail.com,Thimphu
Pureland Travel Quest,+975 77309614,infobhutanquest@gmail.com,Thimphu
Subba Adventures,+975 77260400,subbaadventures@gmail.com,Thimphu
Bhutan Travel Adventures,+975 17117793,info@bhutantraveladventures.com,Thimphu
Yatara Adventure,+975 17628813,bhutantravelpackage@gmail.com,Thimphu
Bhutan DMC,+975 77107844,info@dmcofbhutan.com,Thimphu
Dzamling Gawa Tours and Travel,+975 16158307,dzimlinggawa@gmail.com,Thimphu
Evergreen Sojourn,+975 77310720,evergreensojourn@gmail.com,Thimphu
All Nations Adventures,+975 17551221,allnationsadventuresbtn@gmail.com,Thimphu
Bhutan Travel Guru,+975 77615269,info@bhutantravelguru.com,Thimphu
Lumo Tour and Travel,+975 17718795,lumott2016@gmail.com,Thimphu
Jigme Expeditions,+975 17110900,info@jigmeexpeditions.com,Thimphu
Bhutan Mystical Tours & Adventures,+975 17756923,bhutanmysticaltours@gmail.com,Thimphu
Asia Odyssey Travel,+975 77112888,service@asiaodysseytravel.com,Thimphu
Bhutan Impact Travels,+975 77796844,pemyang@bpvbhutan.com,Thimphu
Mystic Dragon,+975 17587471,mysticdragontoursandtravel26@gmail.com,Thimphu
Gateway to Exotic Himalayas,+975 17627178,officegteh@gmail.com,Thimphu
HimaQuest Tours,+975 17172022,himaquesttours@gmail.com,Thimphu
Bhutan Delight Tours & Treks,+975 17656440,bhutandelight@mail.com,Thimphu
White Umbrella Tours,+975 77331613,phuentshowhiteu@gmail.com,Thimphu
Little Planet Excursion,+975 17708108,gakigatshel@gmail.com,Thimphu
Travel More,+975 17236237,travelmorebhutan@gmail.com,Thimphu
unknown himalayas tours and treks,+975 16168313,contact@himalayas.com,Thimphu
Bhutan Majestic Travel,+975 17111095,info@bhutanmajestictravel.com,Thimphu
NTS Tour and Travels,+975 77208086,ntstourtravels2025@gmail.com,Thimphu
Tall Pines,+975 17164692,tallpinesbhutan@gmail.com,Thimphu
Bhutan Leading Travel,+975 77209888,bhutanleadingtravel@gmail.com,Thimphu
Maya Himalaya Travels,+975 17233434,mayahimalayan@gmail.com,Thimphu
Happy Getaway tours & travel,+975 77857954,bhutanhappygetaway@gmail.com,Thimphu
Mindful Explorers,+975 17170455,mindfulexplorersbhutan@gmail.com,Thimphu
Accomplish Bhutan,+975 17714477,accomplishbhutan@gmail.com,Thimphu
Wanderlust  Culture and Adventure Tours,+975 17999505,lhadonsonam49@gmail.com,Thimphu
All Bhutan Connection,+975 17110866,tshering.dhendup@abc.com.bt,Thimphu
Choden Tours and Treks,+975 77836844,yeshichoden4@gmail.com,Thimphu
Unseen Himalayas,+975 16168893,unseenhimalayasbhutan@gmail.com,Thimphu
The Great Himlayan Explorer,+975 17523905,thegreathimalayanexplorer@gmail.com,Thimphu
Bhutan Nyinzer Expeditions,+975 17111590,bhutannyinzer@gmail.com,Thimphu
YANA Expeditions,+975 17119779,reservation@yanatravel.com,Thimphu
Bhutan Lilly Travels,+975 77107524,bhutanlillytravels@gmail.com,Thimphu
Golden Gate Tour and Treks,+975 17188101,goldengate.bhutan@gmail.com,Thimphu
Karmay Tours,+975 17113689,info@karmaytours.com,Thimphu
Good Care Tours,+975 17491602,bhutangoodcare@gmail.com,Thimphu
LumaPath,+975 77256036,kinleyom01@gmail.com,Thimphu
Blue Poppy Tours & Treks,+975 17181818,choki@bluepoppybhutan.com,Thimphu
Bhutan Land of happiness Tours,+975 17377777,bhutanlhtours@gmail.com,Thimphu
Bhutan Travel Service,+975 17110010,info@bhutantravel.com.bt,Thimphu
RJD,+975 77754222,rjdtours@gmail.com,Thimphu
"Design for you, Tours and Travels",+975 17616838,laqzialdorji@gmail.com,Thimphu
Gerab Tours and Treks,+975 16104550,hello@gerabtoursandtreks.bt,Thimphu
Journey to the South,+975 17601804,info@journeytts.com,Thimphu
Bhutan Travel Coordinator,+975 77712127,btcordinator@gmail.com,Thimphu
Rural Heritage Bhutan,+975 17113615,opsandres@ruralheritagebhutan.com,Thimphu
Happy Place Expedition,+975 17959897,happyplacebhutan@gmail.com,Thimphu
Khala Mebar Tours & Trek,+975 17111137,khalamebar@gmail.com,Thimphu
Bhutan Holiday Planner,+975 17608328,info@bhutanholidayplanner.com,Thimphu
Ultimate Botan Travel,+975 17171566,info@ultimatebhutantravel.com,Thimphu
Discovery Bhutan Inc.,+975 17116560,info@discoverbhutan.com,Thimphu
Misty Mountains Tours and Treks,+975 17110098,mistymountainstoursandtreks16@gmail.com,Thimphu
Bhutan Flower Tours and Treks,+975 77737319,bhutanflowertour@gmail.com,Thimphu
Bhutan GBS Tours and Travel,+975 17856088,bhutangbs@gmail.com,Thimphu
Apala Travels & Adventures,+975 17575888,apalatravels289@gmail.com,Thimphu
Bhutan Gateway Travel,+975 17117212,info@bhutangateway.com,Thimphu
Druk Forever Son Tours & Treks,+975 17635633,nbidha2022@gmail.com,Thimphu
Wonderful Expeditions,+975 17848477,wonderfulexpeditions@gmail.com,Thimphu
Happiest Country Tours,+975 77463636,info@happiestcountrytours.com,Thimphu
Bhutan Jasmine Tours,+975 17115008,choniome@gmail.com,Thimphu
Illuminating Tours,+975 17112426,illuminatingtours@gmail.com,Thimphu
Rinchen Tours & Travels,+975 17652608,rinchentourstreks@gmail.com,Thimphu
Om Travenza Tours,+975 17724383,ombhutan@gmail.com,Thimphu
Exquisite Bhutan,+975 17573097,info@exquisitebhutan.com,Thimphu
GET INTO BHUTAN TOURS,+975 17708791,getintobhutan@gmail.com,Thimphu
Himalaya Juu Vacations,+975 17956008,himalayajuuvacations@gmail.com,Thimphu
8 Hu TanNess,+975 17344490,888hutanness@gmail.com,Thimphu
Simply Bhutan,+975 17684332,bhutan@simplybhutan.com,Thimphu
Bhutan Tshendhen Travel,+975 17629413,bhutantshendhentouragent@gmail.com,Thimphu
Rejuvenate tours and travels,+975 17780808,rejuvenatetoursandtravels@gmail.com,Thimphu
Abide Bhutan Adventure,+975 17725900,abidebtn@gmail.com,Thimphu
Asian Tours & Travel,+975 17264802,asiantourstravel057@gmail.com,Thimphu
Bhutan Frontline Travels,+975 77203848,bhutanfrontlinetravels@gmail.com,Thimphu
SKY Travels,+975 17603836,bhutansky@gmail.com,Thimphu
Karma Tours Travel,+975 17271329,karmatourstravel@gmail.com,Thimphu
Nyen-Dha,+975 17950827,dorjiten020@gmail.com,Thimphu
Follow Bhutan Tours and Treks,+975 77442211,followbhutan@gmail.com,Thimphu
Planet Pulse Tours and Trek,+975 77913666,info@planetbhutantours.com,Thimphu
Kingdom Tour & Trek,+975 77256770,aogateways@gmail.com,Thimphu
happy peak tours,+975 17841519,info@happypeaktours.com,Thimphu
TEEM TRAVEL BHUTAN,+975 17391186,ttbhutan7@gmail.com,Thimphu
Visit Bhutan Tours and Travels,+975 77282894,visitbhutantravels@gmail.com,Thimphu
Drukyul Holidays,+975 17909870,drukyulholidays@gmail.com,Thimphu
Bhutan Rides,+975 77220499,info@bhutanrides.com,Thimphu
Big Bhutan Tours,+975 77889325,bigbhutan@gmail.com,Thimphu
Aeko Tours and Treks,+975 77335599,aekotoours@gmail.com,Thimphu
Bhutan Lhayul Tours and Travels,+975 17140911,bhutanlhayul@gmail.com,Thimphu
GoHike Adventures,+975 17349040,gohikeadventures@gmail.com,Thimphu
MyVista Tours & Treks,+975 17787805,kelzang@myvistabhutantours.com,Thimphu
Happiness Inside Journey,+975 77952826,happinessinsidejourney@gmail.com,Thimphu
Truly Bhutan Travel,+975 17130038,trulybhutantravel@gmail.com,Thimphu
Bhutan Creative Tours,+975 17333222,info@bct.com.bt,Thimphu
Travel With Indo Shangrila,+975 17170641,info@travelwithindobhutan.com,Thimphu
Dewa Rabsel Adventure,+975 17944744,dewarabsel@gmail.com,Thimphu
Blessed Bhutan Adventure,+975 17602313,blessedbhutanadv@gmail.com,Thimphu
Snow White treks and tours,+975 17111161,info@snowwhitetours.com.bt,Thimphu
Travelutions,+975 17504077,travelutionsbhutan@gmail.com,Thimphu
Lhojong Dumra Tours,+975 77360462,yeshiongki16@gmail.com,Thimphu
ManiBata Tours & Travels,+975 17804162,urinzin2012@gmail.com,Thimphu
Kuzu Bhutan Travel,+975 17730998,kuzubhutantravel@gmail.com,Thimphu
Happy Trips,+975 77884141,happytrips.bhutan@gmail.com,Thimphu
Bhutan Expert Travels,+975 17119392,bhutanexperttravels@gmail.com,Thimphu
Viaggio Anima Himalaya,+975 17578625,viaggioanimahimalaya@gmail.com,Thimphu
Ing Travel Company,+975 17110321,info@ingtravelco.com,Thimphu
Trekking In Bhutan,+975 77845366,sales@trekking-in-bhutan.com,Thimphu
Bhutan Dendrobium Tour & Trek,+975 17609354,bhutandendrobium@gmail.com,Thimphu
Kanying Networking Tours And Travels,+975 17407293,kanying1020@gmail.com,Thimphu
Purely Bhutan,+975 77385842,info@purelybhutan.com,Thimphu
BHUTAN MIND VACATION TOURS,+975 77636226,mindvacationtoursbhutan@gmail.com,Thimphu
Skine Travels,+975 77718524,funsogelsen@gmail.com,Thimphu
AB Travel,+975 17117304,pwangchu@gmail.com,Thimphu
Travel to Happiness,+975 77726229,kddtoursandtravel@gmail.com,Thimphu
Lotus Adventures Bhutan,+975 17110005,zikhatobgay@gmail.com,Thimphu
CAT Bhutan Tours and Treks,+975 17606363,catbhutan@gmail.com,Thimphu
Bhutan GNH Heritage Travel,+975 17615474,bhutangnhheritage@gmail.com,Thimphu
Bhutanization Service (Travel Agent),+975 17623770,bhutanizationservice@gmail.com,Thimphu
Global Touch Expedition,+975 17944134,info@touchbhutan.com,Thimphu
NUGO BHUTAN,+975 77867776,nugobhutan12@gmail.com,Thimphu
AD Tours & Travel,+975 17351324,adbhutantours@gmail.com,Thimphu
Winsome Dragon Travels,+975 77470808,bhutanwinsome@gmail.com,Thimphu
Golden Dragon Travel,+975 77111727,gdtbhutan@gmail.com,Thimphu
Ambrosia Bhutan Travels,+975 17607304,bhutanambrosia@gmail.com,Thimphu
Bhutan Maitreya Tusita Travel,+975 77113397,bhutanmaitreya2017@gmail.com,Thimphu
Etho Metho Tours & Treks,+975 17126006,karma@ethometho.com.bt,Thimphu
SD Travel,+975 17726912,info@sdconsultant.com.au,Thimphu
Liberty Bhutan Tours,+975 17436900,info.libertybhutan@gmail.com,Thimphu
Dragonways,+975 17522781,dragonwaysbhutan@gmail.com,Thimphu
Bhutan Expeditions,+975 17110888,tsewangnidup@yahoo.com,Thimphu
Ara Tours and Treks,+975 17113310,aratoursandtreks@gmail.bt,Thimphu
Bhutan Karma Trails,+975 77174087,sonam.jamtso@bhutankarmatrails.com,Thimphu
Tamyig Journeys,+975 17523151,deeongmoo10@gmail.com,Thimphu
4 Seasons Adventure- Bhutan,+975 17750880,info.4seasonsadventure@gmail.com,Thimphu
The Hoppers Adventure,+975 17965187,thehoppersadventure@gmail.com,Thimphu
Bhutan Rila Expeditions,+975 17117611,bhutanrila1@gmail.com,Thimphu
Bhutan Omkara Tours And Travels,+975 17307500,bhutanomkaratravels@gmail.com,Thimphu
Unveilinghappiness Tours and Treks,+975 17931005,unveilinghappiness@gmail.com,Thimphu
Jetsuniae Tour and Travels,+975 77966668,jetsuniaetravels@gmail.com,Thimphu
Bhutan Acorn Tours & Travel,+975 77655137,info@bhutanacorn.com,Thimphu
Dhamma Tours,+975 77390576,dhammatours5@gmail.com,Thimphu
Joyful Journeys,+975 17608252,info@bhutanjoyfuljourneys.com,Thimphu
Bhutan Sweet Memories Tours and Treks,+975 77280823,bhutansweetmemories@gmail.com,Thimphu
Nature Nest Travel,+975 17425127,llhazin@gmail.com,Thimphu
Bhutan Tourism Corporation Ltd,+975 17116313,operation@btclgroup.com,Thimphu
atsara tours,+975 77767393,info@atsaratours.com,Thimphu
Manifest B' Expeditions,+975 77961648,travel@manifestbhutan.com,Thimphu
Ema Datshi Tours,+975 17655152,emadatshitours@gmail.com,Thimphu
mystic Tours & Travels,+975 77290489,kezang@mystic-bhutan.com,Thimphu
Rimso Travels and Ticketing,+975 77217447,bhutanrimsotravels@gmail.com,Thimphu
Traveller's Guide,+975 77713013,travellersguidebhutan@gmail.com,Thimphu
Bhutan Swallowtail Travels,+975 17131261,writetome@bhutanswallowtail.com,Thimphu
Aha Bhutan Expeditions,+975 17891191,ahabhutan@gmail.com,Thimphu
Authentic Bhutan Tours,+975 17343434,info@authenticbhutantours.com,Thimphu
Peling Rose Tours & Treks,+975 77985055,info.pelingrose@gmail.com,Thimphu
CHHUNDU TRAVEL AND TOURS,+975 17112547,info@chhundu.com.bt,Thimphu
Linkyul,+975 17836372,info.linkyul@gmail.com,Thimphu
Vision Himalaya Tours,+975 17301301,visionhimalayatours@gmail.com,Thimphu
Phendey Tours and Treks,+975 77308966,phendeytours@gmail.com,Thimphu
Global Safari Tours and Trek,+975 17882788,toursandtrekglobalsafari@gmail.com,Thimphu
Kuzu Zangpo Travels,+975 17477387,kuzuzangpotravels@gmail.com,Thimphu
Kingdom Quest,+975 17852983,kingdomquestbhutan@gmail.com,Thimphu
ER Tours and Treks,+975 17842089,ertoursandtreks@gmail.com,Thimphu
Himalayan Expedition,+975 17118779,info@getbhutantour.com,Thimphu
Destiny Bhutan,+975 17119996,info@destinybhutan.com,Thimphu
Bhutan Lhomen Adventure,+975 17111339,bhutanlhomen.adventure@gmail.com,Thimphu
CRYSTAL BHUTAN TRAVELS,+975 17141305,crystalbhutantravels@gmail.com,Thimphu
All Phenomena Adventure,+975 17578743,allphenomena888@gmail.com,Thimphu
Bhutan All Travels,+975 17600820,bhutanalltravels2013@gmail.com,Thimphu
B Global Group Travels,+975 17523155,bhutanglobalgroup@gmail.com,Thimphu
Lhamo Drizangma,+975 17305322,lhamodrizangma@gmail.com,Thimphu
Bhutan Exotic Adventure Travel,+975 17111106,bhutanexotic@gmail.com,Thimphu
Vajra guru spiritual travels,+975 17636588,vajrag@gmail.com,Thimphu
DTH Travel Bhutan,+975 77487513,info@bt.dth.travel,Thimphu
Himalayan Horizon Travels,+975 17704352,kunzang.namgye@gmail.com,Thimphu
Bhutan Dew Drop Traval,+975 17670311,tsheringy2009@gmail.com,Thimphu
Tiger Adventures Bhutan,+975 77111009,tigeradventures@gmail.com,Thimphu
Vattara Quest,+975 17869033,vattaraquest@gmail.com,Thimphu
Bhutan Vajra Adventures,+975 17497487,bhutanvajra@gmail.com,Thimphu
B' Expeditions,+975 17126358,contact@bhutanexpeditions.com,Thimphu
Yuelkor Tours and Travel,+975 77222111,yuelkortour@gmail.com,Thimphu
Alliance International Tours and Travels,+975 17851701,aitt226@gmail.com,Thimphu
Somify Destination Tours,+975 17607858,info@somifydestination.com,Thimphu
Bhutan Jewel Travel,+975 17113772,bhutanjewel@gmail.com,Thimphu
Yuthika Tours and Travels,+975 77337275,yuthikatoursandtravels@gmail.com,Thimphu
Bhutan Mountain Adventures,+975 77111439,bhutanmba2008@gmail.com,Thimphu
Bhutan Gangyul Tours,+975 17608524,bhutangangyul@gmail.com,Thimphu
Oriental Travel Planner,+975 17801138,orientaltravelplannerbhutan@gmail.com,Thimphu
Phuntshok Gatshel Tours,+975 17675431,tashivarjra@gmail.com,Thimphu
Bhutan Extreme Trips,+975 77162424,info@bhutanextremetrips.com,Thimphu
Halcyon Adventure,+975 17966251,ajoygurung7@gmail.com,Thimphu
Adventure Tours,+975 17638481,bhutanadventuretours@gmail.com,Thimphu
Exotic Destinations,+975 17600332,exoticdestination98@gmail.com,Thimphu
Peacock adventure Tours,+975 17885658,peacockbhutan@gmail.com,Thimphu
Asia Bhutan Travels,+975 17110511,asiabhutan@gmail.com,Thimphu
The Gawa Holidays,+975 17118100,thegawaholidays@gmail.com,Thimphu
White Raven Tours & Travels,+975 17920418,whiteraventours@gmail.com,Thimphu
Maps Bhutan Holidays,+975 17615883,mapsbhutan@gmail.com,Thimphu
Palbheu Tours and Trek,+975 17638407,palbheutoursandtrek820@gmail.com,Thimphu
Bhutan Kidh-chong Travel,+975 77447000,bhutankidhchong@gmail.com,Thimphu
Bhutan Travel Experts,+975 17170888,hello@bhutantravelexp.com,Thimphu
Rinlha Tours & Treks,+975 17630488,rinlha.tours@gmail.com,Thimphu
Trip to Dragon Kingdom Tours,+975 77314036,triptodragonkingdomtours@gmail.com,Thimphu
Bhutan Seriling  Travels,+975 77467666,serilingtravels@gmail.com,Thimphu
Global TravelPro,+975 77440205,info@globaltravelpro.co,Thimphu
iDesire Explorations,+975 17408888,explorations@idesire.page,Thimphu
Bhutan Dorji Holidays,+975 17124567,bhutan3000@gmail.com,Thimphu
Happiness Kingdom Travels,+975 77111400,info@happinesskingdom.com,Thimphu
deep journeys,+975 17637779,deepjourneys.bhutan@gmail.com,Thimphu
Humkara Tours and Treks,+975 17564352,humkaratnt@gmail.com,Thimphu
sweet-escapes-tours-and-travels,+975 17275527,sweetescapes.bhutan@gmail.com,Thimphu
Go Go Adventures,+975 17484302,tours.bhutan17@gmail.com,Thimphu
Drukyul Diaries,+975 77953610,info@drukyuldiaries.com,Thimphu
Gay Yul Travel Agent,+975 17908965,gayyultravels@gmail.com,Thimphu
Yelha Bhutan Tours and Travels,+975 17609635,yelhabhutan@gmail.com,Thimphu
Samten Phuentshog Yoesel Travel,+975 77980123,lhamopema355@gmail.com,Thimphu
Soha Voyage,+975 77605271,contact@sohavoyage.com,Thimphu
Wayfarertravels,+975 16136559,wayfarertravels@gmail.com,Thimphu
A3 Travel Services,+975 17671821,aaatravelagent2024@gmail.com,Thimphu
Tales of Bhutan Tour,+975 17779500,talesofbhutantour@gmail.com,Thimphu
Elite Himalayan Adventure,+975 77454534,eliteadventure888@gmail.com,Thimphu
Yak Holidays International,+975 77280724,yakadv@gmail.com,Thimphu
Tashi Tours & Travel,+975 77108888,oprations.tashitours@gmail.com,Thimphu
A Bhutan 888 Tours & Treks,+975 17619068,xcennor@gmail.com,Thimphu
BodhiTrail Journeys,+975 17170444,hello@bodhitrailjourneys.com,Thimphu
Mad Monk Travels,+975 77118644,madmonktravels@gmail.com,Thimphu
SC Ventures,+975 17739844,hello@thescventures.com,Thimphu
Shahara Bhutan Tours and Trek,+975 17220349,shaharabhutantours@gmail.com,Thimphu
Bhutan Walkers & Leisures,+975 17613203,info@bhutanwalkers.com,Thimphu
Yangphel Adventure  Travel,+975 17119030,peldon@yangphel.com,Thimphu
Pine Peak Travels,+975 77334665,pinepeaktravels@gmail.com,Thimphu
My Asia Tours,+975 17447300,info.myasiatours@gmail.com,Thimphu
Bhutan First Adventure,+975 17673481,bhutanfirstadventure@gmail.com,Thimphu
Bliss Bound Bhutan,+975 17625539,travel@blissboundbhutan.com,Thimphu
Bhutan Archive Tours and Travels,+975 17622995,bhutanarchive2017@gmail.com,Thimphu
Ser-Yoed Tours and Travel,+975 77366602,seryoedbhutantours@gmail.com,Thimphu
Excursion To Himalayas,+975 17140505,excursiontohimalayas@gmail.com,Thimphu
Hiking Bhutan Travel,+975 17474224,hikingbhutantravels@gmail.com,Thimphu
Bhutan Nomad Adventures,+975 17118778,travel@bhutannomad.com,Thimphu
Himalayan Harmony Travel,+975 17415965,himalayanharmonytravel@gmail.com,Thimphu
KS Himalayan Journey,+975 17904309,kshimalayanjourney@gmail.com,Thimphu
Droensar Tours and Trek,+975 17411010,droensar@gmail.com,Thimphu
Yuden Tours Bhutan,+975 17110528,ceo@bhutanyudentours.com,Thimphu
Himalayan Realm Ventures,+975 77279927,enquiry@himalayanrealmventures.com,Thimphu
Druk & Drukpa Tours,+975 17811251,drukdrukpatours@gmail.com,Thimphu
Bhutan Travel Center,+975 17775309,info@bhutantravelcenter.com,Thimphu
Original Bhutan Travels,+975 17223888,info@originalbhutan.com,Thimphu
Basudara Tours and Treks,+975 17333443,info@basudaratravels.com,Thimphu
Happy Dream Adventure,+975 17590556,happydreambhutan@gmail.com,Thimphu
BTN The Traveller Tourism & Entertainment,+975 17397247,tashi@thetraveler.vn,Thimphu
Ugyen-TG tours and trek,+975 17388488,ugenthinley90@gmail.com,Thimphu
Bhutan Birding and Heritage Travels,+975 77110133,hisheytshering@gmail.com,Thimphu
Monks and Mountains Trips,+975 77205550,mmtbhutantours@gmail.com,Thimphu
Padmasana Bhutan Travel,+975 16921041,pbtbhutan@gmail.com,Thimphu
Bhutan Sangay Tours & Trek,+975 17117954,bhutansangay1@gmail.com,Thimphu
Bhutan Lhakthong Adventure,+975 17614663,lhakthongtours@gmail.com,Thimphu
New Age Bhutan Tours,+975 77888877,tashi@newagebhutan.com,Thimphu
Dragon Vista Tours,+975 17457487,info@dragonvistatours.com,Thimphu
Pelden Adventures,+975 77309589,info@peldenadventures.com,Thimphu
Bhutan-White Mountain Tours,+975 17131430,info@whitemountainholiday.com,Thimphu
DND Bhutan,+975 16126622,dndbhutan@gmail.com,Thimphu
VenTara Tours,+975 17323976,info@ventaratours.com,Thimphu
Your Holidays Travel,+975 17679650,yourholidayst@gmail.com,Thimphu
Bhutan Travel Guide,+975 17607545,anansg@gmail.com,Thimphu
Bhutan Enlightened Tours and Treks,+975 17112747,info@bhutanenlightened.com,Thimphu
Bhutan National Travels,+975 17390160,bhtnationaltravels@gmail.com,Thimphu
Kuenga Rawa Tours and Travels,+975 17829061,krttinfo@gmail.com,Thimphu
Bhutan Trekking Services,+975 77773338,trekkingservices@gmail.com,Thimphu
Bhutan Utpala Tours,+975 17647881,bhutanutpalatours@gmail.com,Thimphu
Holiday in Bhutan,+975 17602336,holidayinbhutan@gmail.com,Thimphu
Himalayan gateway travel,+975 17441350,himalayangatewaytravel@gmail.com,Thimphu
Migmar Tours and Travel,+975 77342900,info@migmartours.com,Thimphu
Himalayan Quest Expedition Tours and Travel,+975 17330725,himalayanquestexpedition@gmail.com,Thimphu
Druk Siddhi Tours,+975 17705555,druksiddhitours@gmail.com,Thimphu
Maebar Travel,+975 17834844,info@maebartravel.com,Thimphu
Graceful Bhutan Travel,+975 17496914,gracefulbhutantravel@gmail.com,Thimphu
Breathe Bhutan Adventures And Holidays,+975 77430698,kuzuzangpo@breathebhutan.com,Thimphu
Nyindha Adventures,+975 77985042,nyindhaadventure@gmail.com,Thimphu
WorldAir Travel,+975 17311928,ennsung87@gmail.com,Thimphu
Celestial Adventures and Tours,+975 77387587,celestialtours13@gmail.com,Thimphu
Phen Phen Maa Travel Agent,+975 17507261,info@phenphenmaatravel.com,Thimphu
Pawo Tours & Treks,+975 77113953,bhutanpawo@gmail.com,Thimphu
Bhutan Signature Tours,+975 17388888,bhutansignaturetours@gmail.com,Thimphu
Kraftsmen Of Remarkable Adventures,+975 17649713,reservationkora@gmail.com,Thimphu
Kuenpel Travels,+975 17671286,kyarpel@gmail.com,Thimphu
Bhutan Dynasty Travel,+975 17111048,bhutandynasty@gmail.com,Thimphu
Rhododendron Belle Tours,+975 77917555,rhododendronbelle@gmail.com,Thimphu
Droelma Tours and Travels,+975 17684815,chhimisyelden@gmail.com,Thimphu
A Way to Bhutan Tours and Travels,+975 17740117,info@waytobhutan.com,Thimphu
Ola Tours and Trek,+975 77299660,olahereforyou@gmail.com,Thimphu
Dharma park Travels,+975 77602204,dharmaparktravels@gmail.com,Thimphu
Anywhere Bhutan Travel,+975 17459196,anywherebhutantravel@gmail.com,Thimphu
Nangyzer Tours & Expeditions,+975 17902465,phurbawangmo@gmail.com,Thimphu
Book My Tour and Travel,+975 77100394,info@bookmytour.bt,Thimphu
Pelyang Bhutan Tours,+975 17952660,Pelyangbhutantours@gmail.com,Thimphu
Druk Heritage Tours & Experiences,+975 17140163,info@drukheritage.com,Thimphu
Lotus Path Adventures,+975 77858443,info@lotuspathadventures.com,Thimphu
ADC Bhutan Tours,+975 17633904,adcbhutantours@gmail.com,Thimphu
Shambhala Trails,+975 77763604,shambhalabhutan22@gmail.com,Thimphu
Bhutan old monk Tours and trek,+975 17625434,bhutanoldmonk@gmail.com,Thimphu
Bhutan Nima Tours and Travels,+975 77439621,bhutannima51@gmail.com,Thimphu
Metho Bhutan Tours & Treks,+975 17119002,methotours@gmail.com,Thimphu
YangChhar Journeys,+975 77765059,yangchharjourneys@gmail.com,Thimphu
Pema Tours and Travels,+975 17603463,info@pematoursbhutan.com,Thimphu
Bhutan Best Inbound Tour,+975 17334422,info@bhutaninbound.com,Thimphu
Bhutan Tropical Tours and Travel,+975 77200511,bhutantropical@gmail.com,Thimphu
Bhutan 4 Friends Tours & Travles,+975 77950505,bhutan4friends@gmail.com,Thimphu
Geo Bhutan Travels,+975 17143354,geobhutantravels@gmail.com,Thimphu
Rainbow Tours and Treks,+975 17111058,rainbow@rainbowbhutan.com,Thimphu
Bhutan Travel Bureau,+975 17114222,tours@btb.com.bt,Thimphu
Happiness Country Holiday,+975 77286587,info@happinesscountryholiday.com,Thimphu
Serenity Retreats,+975 77201947,serenityretreatsbhutan@gmail.com,Thimphu
Active Bhutan Tours and Treks,+975 77700017,activebhutantours@gmail.com,Thimphu
Bhutan Journeys,+975 77370717,bhutanjourneys2005@gmail.com,Thimphu
gakiling Tours And Travels,+975 17885946,gakilingtoursandtravels@gmail.com,Thimphu
Affinity Bhutan Travel,+975 17737858,info@visit2bhutan.com,Thimphu
DIVINE FLY FISHING,+975 17113511,tightlines@divineflyfishing.com,Thimphu
bhutan roundabout tours,+975 77726934,bhutanroundabouttours@gmail.com,Thimphu
Bhutan Introducing Nature and Culture,+975 17830595,bhutaninc@gmail.com,Thimphu
Phuentshok Tours & Treks,+975 77988918,info@bhutanexperiences.com,Thimphu
Bhutan Blue Pearl Travel,+975 77452323,sonam666sonam@gmail.com,Thimphu
